timestamp,buyer,seller,symbol,currency,price,quantity
739900,,,ASH_COATED_OSMIUM,XIRECS,9981,4
732000,,,ASH_COATED_OSMIUM,XIRECS,9982,6
681500,,,ASH_COATED_OSMIUM,XIRECS,9983,3
690800,,,ASH_COATED_OSMIUM,XIRECS,9983,5
731100,,,ASH_COATED_OSMIUM,XIRECS,9983,5
731200,,,ASH_COATED_OSMIUM,XIRECS,9983,7
743700,,,ASH_COATED_OSMIUM,XIRECS,9984,2
667500,,,ASH_COATED_OSMIUM,XIRECS,9984,4
676700,,,ASH_COATED_OSMIUM,XIRECS,9984,5
660600,,,ASH_COATED_OSMIUM,XIRECS,9984,6
56500,,,ASH_COATED_OSMIUM,XIRECS,9985,2
253600,,,ASH_COATED_OSMIUM,XIRECS,9985,3
684700,,,ASH_COATED_OSMIUM,XIRECS,9985,3
251000,,,ASH_COATED_OSMIUM,XIRECS,9985,4
249400,,,ASH_COATED_OSMIUM,XIRECS,9985,6
246200,,,ASH_COATED_OSMIUM,XIRECS,9986,3
238200,,,ASH_COATED_OSMIUM,XIRECS,9986,8
804000,,,ASH_COATED_OSMIUM,XIRECS,9987,3
780200,,,ASH_COATED_OSMIUM,XIRECS,9987,4
782400,,,ASH_COATED_OSMIUM,XIRECS,9987,4
680300,,,ASH_COATED_OSMIUM,XIRECS,9987,6
684100,,,ASH_COATED_OSMIUM,XIRECS,9987,8
670800,,,ASH_COATED_OSMIUM,XIRECS,9987,9
885400,,,ASH_COATED_OSMIUM,XIRECS,9988,2
779300,,,ASH_COATED_OSMIUM,XIRECS,9988,4
770200,,,ASH_COATED_OSMIUM,XIRECS,9988,5
890500,,,ASH_COATED_OSMIUM,XIRECS,9988,5
753500,,,ASH_COATED_OSMIUM,XIRECS,9988,7
214400,,,ASH_COATED_OSMIUM,XIRECS,9988,8
258500,,,ASH_COATED_OSMIUM,XIRECS,9988,9
484300,,,ASH_COATED_OSMIUM,XIRECS,9988,9
875700,,,ASH_COATED_OSMIUM,XIRECS,9988,10
755800,,,ASH_COATED_OSMIUM,XIRECS,9989,2
755400,,,ASH_COATED_OSMIUM,XIRECS,9989,3
234200,,,ASH_COATED_OSMIUM,XIRECS,9989,6
439500,,,ASH_COATED_OSMIUM,XIRECS,9989,6
485200,,,ASH_COATED_OSMIUM,XIRECS,9989,6
765700,,,ASH_COATED_OSMIUM,XIRECS,9989,6
788800,,,ASH_COATED_OSMIUM,XIRECS,9989,6
892800,,,ASH_COATED_OSMIUM,XIRECS,9989,6
209800,,,ASH_COATED_OSMIUM,XIRECS,9989,9
756200,,,ASH_COATED_OSMIUM,XIRECS,9989,9
71300,,,ASH_COATED_OSMIUM,XIRECS,9989,10
864600,,,ASH_COATED_OSMIUM,XIRECS,9990,3
654200,,,ASH_COATED_OSMIUM,XIRECS,9990,5
794800,,,ASH_COATED_OSMIUM,XIRECS,9990,5
23600,,,ASH_COATED_OSMIUM,XIRECS,9990,6
97500,,,ASH_COATED_OSMIUM,XIRECS,9990,6
212000,,,ASH_COATED_OSMIUM,XIRECS,9990,7
233600,,,ASH_COATED_OSMIUM,XIRECS,9990,7
762600,,,ASH_COATED_OSMIUM,XIRECS,9990,7
769500,,,ASH_COATED_OSMIUM,XIRECS,9990,7
211000,,,ASH_COATED_OSMIUM,XIRECS,9990,8
134100,,,ASH_COATED_OSMIUM,XIRECS,9991,2
812300,,,ASH_COATED_OSMIUM,XIRECS,9991,2
496300,,,ASH_COATED_OSMIUM,XIRECS,9991,3
654400,,,ASH_COATED_OSMIUM,XIRECS,9991,3
872600,,,ASH_COATED_OSMIUM,XIRECS,9991,3
430500,,,ASH_COATED_OSMIUM,XIRECS,9991,4
649900,,,ASH_COATED_OSMIUM,XIRECS,9991,4
881300,,,ASH_COATED_OSMIUM,XIRECS,9991,4
226400,,,ASH_COATED_OSMIUM,XIRECS,9991,5
151400,,,ASH_COATED_OSMIUM,XIRECS,9991,6
432600,,,ASH_COATED_OSMIUM,XIRECS,9991,6
769400,,,ASH_COATED_OSMIUM,XIRECS,9991,6
292000,,,ASH_COATED_OSMIUM,XIRECS,9991,7
86800,,,ASH_COATED_OSMIUM,XIRECS,9991,10
389500,,,ASH_COATED_OSMIUM,XIRECS,9992,2
501000,,,ASH_COATED_OSMIUM,XIRECS,9992,2
860600,,,ASH_COATED_OSMIUM,XIRECS,9992,2
880100,,,ASH_COATED_OSMIUM,XIRECS,9992,3
46300,,,ASH_COATED_OSMIUM,XIRECS,9992,4
392200,,,ASH_COATED_OSMIUM,XIRECS,9992,4
773600,,,ASH_COATED_OSMIUM,XIRECS,9992,5
856500,,,ASH_COATED_OSMIUM,XIRECS,9992,5
408200,,,ASH_COATED_OSMIUM,XIRECS,9992,6
9300,,,ASH_COATED_OSMIUM,XIRECS,9992,7
224700,,,ASH_COATED_OSMIUM,XIRECS,9992,7
412500,,,ASH_COATED_OSMIUM,XIRECS,9992,7
282800,,,ASH_COATED_OSMIUM,XIRECS,9992,8
626000,,,ASH_COATED_OSMIUM,XIRECS,9993,2
808600,,,ASH_COATED_OSMIUM,XIRECS,9993,2
384100,,,ASH_COATED_OSMIUM,XIRECS,9993,3
441100,,,ASH_COATED_OSMIUM,XIRECS,9993,3
490700,,,ASH_COATED_OSMIUM,XIRECS,9993,3
615100,,,ASH_COATED_OSMIUM,XIRECS,9993,3
861400,,,ASH_COATED_OSMIUM,XIRECS,9993,4
22000,,,ASH_COATED_OSMIUM,XIRECS,9993,5
219100,,,ASH_COATED_OSMIUM,XIRECS,9993,5
318600,,,ASH_COATED_OSMIUM,XIRECS,9993,5
23200,,,ASH_COATED_OSMIUM,XIRECS,9993,6
41100,,,ASH_COATED_OSMIUM,XIRECS,9993,6
41900,,,ASH_COATED_OSMIUM,XIRECS,9993,6
325600,,,ASH_COATED_OSMIUM,XIRECS,9993,6
405700,,,ASH_COATED_OSMIUM,XIRECS,9993,6
423200,,,ASH_COATED_OSMIUM,XIRECS,9993,6
35100,,,ASH_COATED_OSMIUM,XIRECS,9993,7
137400,,,ASH_COATED_OSMIUM,XIRECS,9993,7
268400,,,ASH_COATED_OSMIUM,XIRECS,9993,7
384800,,,ASH_COATED_OSMIUM,XIRECS,9993,7
498300,,,ASH_COATED_OSMIUM,XIRECS,9993,7
379500,,,ASH_COATED_OSMIUM,XIRECS,9993,9
31500,,,ASH_COATED_OSMIUM,XIRECS,9993,10
311500,,,ASH_COATED_OSMIUM,XIRECS,9993,10
78300,,,ASH_COATED_OSMIUM,XIRECS,9994,2
409000,,,ASH_COATED_OSMIUM,XIRECS,9994,2
589200,,,ASH_COATED_OSMIUM,XIRECS,9994,2
527700,,,ASH_COATED_OSMIUM,XIRECS,9994,3
815000,,,ASH_COATED_OSMIUM,XIRECS,9994,4
380200,,,ASH_COATED_OSMIUM,XIRECS,9994,5
619900,,,ASH_COATED_OSMIUM,XIRECS,9994,5
632400,,,ASH_COATED_OSMIUM,XIRECS,9994,5
814300,,,ASH_COATED_OSMIUM,XIRECS,9994,5
280600,,,ASH_COATED_OSMIUM,XIRECS,9994,6
380400,,,ASH_COATED_OSMIUM,XIRECS,9994,6
489100,,,ASH_COATED_OSMIUM,XIRECS,9994,6
139000,,,ASH_COATED_OSMIUM,XIRECS,9994,7
22700,,,ASH_COATED_OSMIUM,XIRECS,9994,9
335800,,,ASH_COATED_OSMIUM,XIRECS,9994,10
172200,,,ASH_COATED_OSMIUM,XIRECS,9995,2
724600,,,ASH_COATED_OSMIUM,XIRECS,9995,2
111300,,,ASH_COATED_OSMIUM,XIRECS,9995,3
767500,,,ASH_COATED_OSMIUM,XIRECS,9995,3
352200,,,ASH_COATED_OSMIUM,XIRECS,9995,4
624100,,,ASH_COATED_OSMIUM,XIRECS,9995,4
315300,,,ASH_COATED_OSMIUM,XIRECS,9995,5
332900,,,ASH_COATED_OSMIUM,XIRECS,9995,5
168600,,,ASH_COATED_OSMIUM,XIRECS,9995,6
323700,,,ASH_COATED_OSMIUM,XIRECS,9995,6
475200,,,ASH_COATED_OSMIUM,XIRECS,9995,6
639500,,,ASH_COATED_OSMIUM,XIRECS,9995,7
379800,,,ASH_COATED_OSMIUM,XIRECS,9995,8
342900,,,ASH_COATED_OSMIUM,XIRECS,9995,9
821100,,,ASH_COATED_OSMIUM,XIRECS,9995,9
830800,,,ASH_COATED_OSMIUM,XIRECS,9995,9
321800,,,ASH_COATED_OSMIUM,XIRECS,9995,10
202000,,,ASH_COATED_OSMIUM,XIRECS,9996,2
607300,,,ASH_COATED_OSMIUM,XIRECS,9996,3
299900,,,ASH_COATED_OSMIUM,XIRECS,9996,4
639600,,,ASH_COATED_OSMIUM,XIRECS,9996,4
120700,,,ASH_COATED_OSMIUM,XIRECS,9996,5
153700,,,ASH_COATED_OSMIUM,XIRECS,9996,5
153800,,,ASH_COATED_OSMIUM,XIRECS,9996,5
656900,,,ASH_COATED_OSMIUM,XIRECS,9996,5
853100,,,ASH_COATED_OSMIUM,XIRECS,9996,5
273000,,,ASH_COATED_OSMIUM,XIRECS,9996,6
116600,,,ASH_COATED_OSMIUM,XIRECS,9996,8
927400,,,ASH_COATED_OSMIUM,XIRECS,9996,9
193800,,,ASH_COATED_OSMIUM,XIRECS,9997,3
930200,,,ASH_COATED_OSMIUM,XIRECS,9997,3
194400,,,ASH_COATED_OSMIUM,XIRECS,9997,4
721400,,,ASH_COATED_OSMIUM,XIRECS,9997,4
587200,,,ASH_COATED_OSMIUM,XIRECS,9997,5
709800,,,ASH_COATED_OSMIUM,XIRECS,9997,5
515500,,,ASH_COATED_OSMIUM,XIRECS,9997,6
710100,,,ASH_COATED_OSMIUM,XIRECS,9997,7
523600,,,ASH_COATED_OSMIUM,XIRECS,9997,9
699600,,,ASH_COATED_OSMIUM,XIRECS,9997,9
285700,,,ASH_COATED_OSMIUM,XIRECS,9997,10
171200,,,ASH_COATED_OSMIUM,XIRECS,9998,3
583100,,,ASH_COATED_OSMIUM,XIRECS,9998,4
460800,,,ASH_COATED_OSMIUM,XIRECS,9998,5
522200,,,ASH_COATED_OSMIUM,XIRECS,9998,5
708200,,,ASH_COATED_OSMIUM,XIRECS,9998,5
168000,,,ASH_COATED_OSMIUM,XIRECS,9998,8
187700,,,ASH_COATED_OSMIUM,XIRECS,9999,2
416000,,,ASH_COATED_OSMIUM,XIRECS,9999,2
709600,,,ASH_COATED_OSMIUM,XIRECS,9999,2
730000,,,ASH_COATED_OSMIUM,XIRECS,9999,2
62200,,,ASH_COATED_OSMIUM,XIRECS,9999,3
128900,,,ASH_COATED_OSMIUM,XIRECS,9999,3
649200,,,ASH_COATED_OSMIUM,XIRECS,9999,3
157600,,,ASH_COATED_OSMIUM,XIRECS,9999,5
205800,,,ASH_COATED_OSMIUM,XIRECS,9999,5
305000,,,ASH_COATED_OSMIUM,XIRECS,9999,5
368900,,,ASH_COATED_OSMIUM,XIRECS,9999,5
665200,,,ASH_COATED_OSMIUM,XIRECS,9999,5
998400,,,ASH_COATED_OSMIUM,XIRECS,9999,5
454100,,,ASH_COATED_OSMIUM,XIRECS,9999,6
454400,,,ASH_COATED_OSMIUM,XIRECS,9999,8
728100,,,ASH_COATED_OSMIUM,XIRECS,9999,10
506800,,,ASH_COATED_OSMIUM,XIRECS,10000,2
924900,,,ASH_COATED_OSMIUM,XIRECS,10000,2
563900,,,ASH_COATED_OSMIUM,XIRECS,10000,3
668100,,,ASH_COATED_OSMIUM,XIRECS,10000,3
993400,,,ASH_COATED_OSMIUM,XIRECS,10000,3
581300,,,ASH_COATED_OSMIUM,XIRECS,10000,4
980200,,,ASH_COATED_OSMIUM,XIRECS,10000,4
998000,,,ASH_COATED_OSMIUM,XIRECS,10000,6
665700,,,ASH_COATED_OSMIUM,XIRECS,10000,8
729300,,,ASH_COATED_OSMIUM,XIRECS,10000,8
579000,,,ASH_COATED_OSMIUM,XIRECS,10000,9
728400,,,ASH_COATED_OSMIUM,XIRECS,10000,9
576900,,,ASH_COATED_OSMIUM,XIRECS,10000,10
180500,,,ASH_COATED_OSMIUM,XIRECS,10001,2
696600,,,ASH_COATED_OSMIUM,XIRECS,10001,3
693100,,,ASH_COATED_OSMIUM,XIRECS,10001,4
180600,,,ASH_COATED_OSMIUM,XIRECS,10001,5
534300,,,ASH_COATED_OSMIUM,XIRECS,10001,6
745000,,,ASH_COATED_OSMIUM,XIRECS,10001,6
922300,,,ASH_COATED_OSMIUM,XIRECS,10001,6
694700,,,ASH_COATED_OSMIUM,XIRECS,10001,8
574600,,,ASH_COATED_OSMIUM,XIRECS,10001,9
251900,,,ASH_COATED_OSMIUM,XIRECS,10002,3
626400,,,ASH_COATED_OSMIUM,XIRECS,10002,3
972600,,,ASH_COATED_OSMIUM,XIRECS,10002,3
255700,,,ASH_COATED_OSMIUM,XIRECS,10002,4
59500,,,ASH_COATED_OSMIUM,XIRECS,10002,5
120800,,,ASH_COATED_OSMIUM,XIRECS,10002,5
670500,,,ASH_COATED_OSMIUM,XIRECS,10003,2
258200,,,ASH_COATED_OSMIUM,XIRECS,10003,3
517700,,,ASH_COATED_OSMIUM,XIRECS,10003,3
441600,,,ASH_COATED_OSMIUM,XIRECS,10003,4
548400,,,ASH_COATED_OSMIUM,XIRECS,10003,4
920200,,,ASH_COATED_OSMIUM,XIRECS,10003,4
256000,,,ASH_COATED_OSMIUM,XIRECS,10003,5
553700,,,ASH_COATED_OSMIUM,XIRECS,10003,5
966200,,,ASH_COATED_OSMIUM,XIRECS,10003,5
58200,,,ASH_COATED_OSMIUM,XIRECS,10003,6
257900,,,ASH_COATED_OSMIUM,XIRECS,10003,7
682900,,,ASH_COATED_OSMIUM,XIRECS,10003,7
60800,,,ASH_COATED_OSMIUM,XIRECS,10003,8
743700,,,ASH_COATED_OSMIUM,XIRECS,10003,8
633900,,,ASH_COATED_OSMIUM,XIRECS,10004,2
964900,,,ASH_COATED_OSMIUM,XIRECS,10004,2
929200,,,ASH_COATED_OSMIUM,XIRECS,10004,4
235800,,,ASH_COATED_OSMIUM,XIRECS,10004,5
782700,,,ASH_COATED_OSMIUM,XIRECS,10004,6
797300,,,ASH_COATED_OSMIUM,XIRECS,10004,6
797200,,,ASH_COATED_OSMIUM,XIRECS,10004,10
62300,,,ASH_COATED_OSMIUM,XIRECS,10005,2
783400,,,ASH_COATED_OSMIUM,XIRECS,10005,2
793200,,,ASH_COATED_OSMIUM,XIRECS,10005,4
61800,,,ASH_COATED_OSMIUM,XIRECS,10005,5
68000,,,ASH_COATED_OSMIUM,XIRECS,10005,5
213500,,,ASH_COATED_OSMIUM,XIRECS,10005,5
235100,,,ASH_COATED_OSMIUM,XIRECS,10005,6
674800,,,ASH_COATED_OSMIUM,XIRECS,10005,7
62800,,,ASH_COATED_OSMIUM,XIRECS,10005,9
287000,,,ASH_COATED_OSMIUM,XIRECS,10006,2
805400,,,ASH_COATED_OSMIUM,XIRECS,10006,2
990400,,,ASH_COATED_OSMIUM,XIRECS,10006,2
210100,,,ASH_COATED_OSMIUM,XIRECS,10006,3
759600,,,ASH_COATED_OSMIUM,XIRECS,10006,3
798000,,,ASH_COATED_OSMIUM,XIRECS,10006,3
784600,,,ASH_COATED_OSMIUM,XIRECS,10006,4
885600,,,ASH_COATED_OSMIUM,XIRECS,10006,4
908600,,,ASH_COATED_OSMIUM,XIRECS,10006,4
52500,,,ASH_COATED_OSMIUM,XIRECS,10006,5
546100,,,ASH_COATED_OSMIUM,XIRECS,10006,5
802800,,,ASH_COATED_OSMIUM,XIRECS,10006,5
883800,,,ASH_COATED_OSMIUM,XIRECS,10006,5
757100,,,ASH_COATED_OSMIUM,XIRECS,10006,6
780800,,,ASH_COATED_OSMIUM,XIRECS,10006,6
425600,,,ASH_COATED_OSMIUM,XIRECS,10006,8
767600,,,ASH_COATED_OSMIUM,XIRECS,10006,10
803300,,,ASH_COATED_OSMIUM,XIRECS,10006,10
616100,,,ASH_COATED_OSMIUM,XIRECS,10007,2
864000,,,ASH_COATED_OSMIUM,XIRECS,10007,3
230100,,,ASH_COATED_OSMIUM,XIRECS,10007,4
852800,,,ASH_COATED_OSMIUM,XIRECS,10007,5
882400,,,ASH_COATED_OSMIUM,XIRECS,10007,5
214600,,,ASH_COATED_OSMIUM,XIRECS,10007,6
426000,,,ASH_COATED_OSMIUM,XIRECS,10007,7
544100,,,ASH_COATED_OSMIUM,XIRECS,10007,7
424000,,,ASH_COATED_OSMIUM,XIRECS,10007,8
262400,,,ASH_COATED_OSMIUM,XIRECS,10007,10
657900,,,ASH_COATED_OSMIUM,XIRECS,10007,10
81400,,,ASH_COATED_OSMIUM,XIRECS,10008,2
207200,,,ASH_COATED_OSMIUM,XIRECS,10008,2
7100,,,ASH_COATED_OSMIUM,XIRECS,10008,3
477900,,,ASH_COATED_OSMIUM,XIRECS,10008,3
478200,,,ASH_COATED_OSMIUM,XIRECS,10008,3
781500,,,ASH_COATED_OSMIUM,XIRECS,10008,3
7000,,,ASH_COATED_OSMIUM,XIRECS,10008,4
132300,,,ASH_COATED_OSMIUM,XIRECS,10008,4
425300,,,ASH_COATED_OSMIUM,XIRECS,10008,4
435000,,,ASH_COATED_OSMIUM,XIRECS,10008,4
626700,,,ASH_COATED_OSMIUM,XIRECS,10008,4
787100,,,ASH_COATED_OSMIUM,XIRECS,10008,4
8600,,,ASH_COATED_OSMIUM,XIRECS,10008,5
24600,,,ASH_COATED_OSMIUM,XIRECS,10008,5
97600,,,ASH_COATED_OSMIUM,XIRECS,10008,6
891900,,,ASH_COATED_OSMIUM,XIRECS,10008,6
37300,,,ASH_COATED_OSMIUM,XIRECS,10008,7
230600,,,ASH_COATED_OSMIUM,XIRECS,10008,7
21200,,,ASH_COATED_OSMIUM,XIRECS,10008,10
295400,,,ASH_COATED_OSMIUM,XIRECS,10008,10
630100,,,ASH_COATED_OSMIUM,XIRECS,10009,2
861600,,,ASH_COATED_OSMIUM,XIRECS,10009,2
350000,,,ASH_COATED_OSMIUM,XIRECS,10009,3
340500,,,ASH_COATED_OSMIUM,XIRECS,10009,4
804400,,,ASH_COATED_OSMIUM,XIRECS,10009,4
6300,,,ASH_COATED_OSMIUM,XIRECS,10009,5
9700,,,ASH_COATED_OSMIUM,XIRECS,10009,5
17700,,,ASH_COATED_OSMIUM,XIRECS,10009,5
30100,,,ASH_COATED_OSMIUM,XIRECS,10009,5
267000,,,ASH_COATED_OSMIUM,XIRECS,10009,5
486400,,,ASH_COATED_OSMIUM,XIRECS,10009,5
871900,,,ASH_COATED_OSMIUM,XIRECS,10009,5
422200,,,ASH_COATED_OSMIUM,XIRECS,10009,6
609600,,,ASH_COATED_OSMIUM,XIRECS,10009,6
40500,,,ASH_COATED_OSMIUM,XIRECS,10009,8
383300,,,ASH_COATED_OSMIUM,XIRECS,10009,8
221300,,,ASH_COATED_OSMIUM,XIRECS,10009,10
618800,,,ASH_COATED_OSMIUM,XIRECS,10009,10
112200,,,ASH_COATED_OSMIUM,XIRECS,10010,2
139100,,,ASH_COATED_OSMIUM,XIRECS,10010,2
812600,,,ASH_COATED_OSMIUM,XIRECS,10010,2
266300,,,ASH_COATED_OSMIUM,XIRECS,10010,3
354400,,,ASH_COATED_OSMIUM,XIRECS,10010,3
410100,,,ASH_COATED_OSMIUM,XIRECS,10010,3
33800,,,ASH_COATED_OSMIUM,XIRECS,10010,4
293700,,,ASH_COATED_OSMIUM,XIRECS,10010,4
79600,,,ASH_COATED_OSMIUM,XIRECS,10010,5
276900,,,ASH_COATED_OSMIUM,XIRECS,10010,5
351800,,,ASH_COATED_OSMIUM,XIRECS,10010,5
360900,,,ASH_COATED_OSMIUM,XIRECS,10010,5
448900,,,ASH_COATED_OSMIUM,XIRECS,10010,5
477400,,,ASH_COATED_OSMIUM,XIRECS,10010,5
808300,,,ASH_COATED_OSMIUM,XIRECS,10010,5
635100,,,ASH_COATED_OSMIUM,XIRECS,10010,6
106900,,,ASH_COATED_OSMIUM,XIRECS,10010,7
303200,,,ASH_COATED_OSMIUM,XIRECS,10010,8
204900,,,ASH_COATED_OSMIUM,XIRECS,10010,9
631200,,,ASH_COATED_OSMIUM,XIRECS,10010,9
376000,,,ASH_COATED_OSMIUM,XIRECS,10011,2
274000,,,ASH_COATED_OSMIUM,XIRECS,10011,3
407200,,,ASH_COATED_OSMIUM,XIRECS,10011,4
313100,,,ASH_COATED_OSMIUM,XIRECS,10011,5
399300,,,ASH_COATED_OSMIUM,XIRECS,10011,5
438900,,,ASH_COATED_OSMIUM,XIRECS,10011,5
505400,,,ASH_COATED_OSMIUM,XIRECS,10011,5
809300,,,ASH_COATED_OSMIUM,XIRECS,10011,5
634300,,,ASH_COATED_OSMIUM,XIRECS,10011,6
388500,,,ASH_COATED_OSMIUM,XIRECS,10011,7
608300,,,ASH_COATED_OSMIUM,XIRECS,10011,8
12600,,,ASH_COATED_OSMIUM,XIRECS,10011,9
388200,,,ASH_COATED_OSMIUM,XIRECS,10011,10
903100,,,ASH_COATED_OSMIUM,XIRECS,10011,10
302600,,,ASH_COATED_OSMIUM,XIRECS,10012,2
506500,,,ASH_COATED_OSMIUM,XIRECS,10012,3
89000,,,ASH_COATED_OSMIUM,XIRECS,10012,4
831100,,,ASH_COATED_OSMIUM,XIRECS,10012,4
366200,,,ASH_COATED_OSMIUM,XIRECS,10012,5
401200,,,ASH_COATED_OSMIUM,XIRECS,10012,5
413900,,,ASH_COATED_OSMIUM,XIRECS,10012,5
568500,,,ASH_COATED_OSMIUM,XIRECS,10012,5
842100,,,ASH_COATED_OSMIUM,XIRECS,10012,5
366200,,,ASH_COATED_OSMIUM,XIRECS,10012,7
337100,,,ASH_COATED_OSMIUM,XIRECS,10012,8
398600,,,ASH_COATED_OSMIUM,XIRECS,10012,9
531200,,,ASH_COATED_OSMIUM,XIRECS,10013,2
192800,,,ASH_COATED_OSMIUM,XIRECS,10013,3
525500,,,ASH_COATED_OSMIUM,XIRECS,10013,3
79400,,,ASH_COATED_OSMIUM,XIRECS,10013,4
638000,,,ASH_COATED_OSMIUM,XIRECS,10013,4
843800,,,ASH_COATED_OSMIUM,XIRECS,10013,4
169500,,,ASH_COATED_OSMIUM,XIRECS,10013,5
410200,,,ASH_COATED_OSMIUM,XIRECS,10013,5
526400,,,ASH_COATED_OSMIUM,XIRECS,10013,5
604700,,,ASH_COATED_OSMIUM,XIRECS,10013,6
942800,,,ASH_COATED_OSMIUM,XIRECS,10013,6
526000,,,ASH_COATED_OSMIUM,XIRECS,10013,7
12500,,,ASH_COATED_OSMIUM,XIRECS,10013,10
191200,,,ASH_COATED_OSMIUM,XIRECS,10013,10
591500,,,ASH_COATED_OSMIUM,XIRECS,10013,10
198500,,,ASH_COATED_OSMIUM,XIRECS,10014,2
272000,,,ASH_COATED_OSMIUM,XIRECS,10014,3
469200,,,ASH_COATED_OSMIUM,XIRECS,10014,3
623900,,,ASH_COATED_OSMIUM,XIRECS,10014,3
167900,,,ASH_COATED_OSMIUM,XIRECS,10014,4
854000,,,ASH_COATED_OSMIUM,XIRECS,10014,6
941400,,,ASH_COATED_OSMIUM,XIRECS,10014,6
596200,,,ASH_COATED_OSMIUM,XIRECS,10014,7
470800,,,ASH_COATED_OSMIUM,XIRECS,10014,9
928900,,,ASH_COATED_OSMIUM,XIRECS,10015,2
934300,,,ASH_COATED_OSMIUM,XIRECS,10015,2
533800,,,ASH_COATED_OSMIUM,XIRECS,10015,4
186800,,,ASH_COATED_OSMIUM,XIRECS,10015,5
521700,,,ASH_COATED_OSMIUM,XIRECS,10015,5
298500,,,ASH_COATED_OSMIUM,XIRECS,10015,6
586600,,,ASH_COATED_OSMIUM,XIRECS,10015,6
320400,,,ASH_COATED_OSMIUM,XIRECS,10015,7
603100,,,ASH_COATED_OSMIUM,XIRECS,10015,9
944500,,,ASH_COATED_OSMIUM,XIRECS,10015,10
579400,,,ASH_COATED_OSMIUM,XIRECS,10016,5
924900,,,ASH_COATED_OSMIUM,XIRECS,10016,5
166700,,,ASH_COATED_OSMIUM,XIRECS,10016,6
520900,,,ASH_COATED_OSMIUM,XIRECS,10016,6
987400,,,ASH_COATED_OSMIUM,XIRECS,10016,9
575200,,,ASH_COATED_OSMIUM,XIRECS,10017,2
580300,,,ASH_COATED_OSMIUM,XIRECS,10017,3
993100,,,ASH_COATED_OSMIUM,XIRECS,10017,3
923500,,,ASH_COATED_OSMIUM,XIRECS,10017,8
933000,,,ASH_COATED_OSMIUM,XIRECS,10017,9
564300,,,ASH_COATED_OSMIUM,XIRECS,10018,3
974300,,,ASH_COATED_OSMIUM,XIRECS,10018,4
566300,,,ASH_COATED_OSMIUM,XIRECS,10018,5
991600,,,ASH_COATED_OSMIUM,XIRECS,10018,5
536800,,,ASH_COATED_OSMIUM,XIRECS,10019,2
950000,,,ASH_COATED_OSMIUM,XIRECS,10019,4
567200,,,ASH_COATED_OSMIUM,XIRECS,10019,5
557200,,,ASH_COATED_OSMIUM,XIRECS,10019,6
560100,,,ASH_COATED_OSMIUM,XIRECS,10019,6
573800,,,ASH_COATED_OSMIUM,XIRECS,10019,6
537400,,,ASH_COATED_OSMIUM,XIRECS,10020,2
541000,,,ASH_COATED_OSMIUM,XIRECS,10021,6
557600,,,ASH_COATED_OSMIUM,XIRECS,10021,6
545400,,,ASH_COATED_OSMIUM,XIRECS,10023,2
548100,,,ASH_COATED_OSMIUM,XIRECS,10026,9
4100,,,INTARIAN_PEPPER_ROOT,XIRECS,11998,6
6800,,,INTARIAN_PEPPER_ROOT,XIRECS,12000,5
9300,,,INTARIAN_PEPPER_ROOT,XIRECS,12005,6
200,,,INTARIAN_PEPPER_ROOT,XIRECS,12007,5
3300,,,INTARIAN_PEPPER_ROOT,XIRECS,12010,7
23100,,,INTARIAN_PEPPER_ROOT,XIRECS,12014,5
11900,,,INTARIAN_PEPPER_ROOT,XIRECS,12015,4
22500,,,INTARIAN_PEPPER_ROOT,XIRECS,12018,4
23200,,,INTARIAN_PEPPER_ROOT,XIRECS,12019,4
28400,,,INTARIAN_PEPPER_ROOT,XIRECS,12024,8
36900,,,INTARIAN_PEPPER_ROOT,XIRECS,12030,3
37200,,,INTARIAN_PEPPER_ROOT,XIRECS,12031,4
39200,,,INTARIAN_PEPPER_ROOT,XIRECS,12033,3
37300,,,INTARIAN_PEPPER_ROOT,XIRECS,12033,5
38200,,,INTARIAN_PEPPER_ROOT,XIRECS,12034,5
40500,,,INTARIAN_PEPPER_ROOT,XIRECS,12036,7
38400,,,INTARIAN_PEPPER_ROOT,XIRECS,12042,3
47900,,,INTARIAN_PEPPER_ROOT,XIRECS,12044,4
49200,,,INTARIAN_PEPPER_ROOT,XIRECS,12056,5
68200,,,INTARIAN_PEPPER_ROOT,XIRECS,12059,3
65800,,,INTARIAN_PEPPER_ROOT,XIRECS,12059,4
67100,,,INTARIAN_PEPPER_ROOT,XIRECS,12061,4
53200,,,INTARIAN_PEPPER_ROOT,XIRECS,12063,5
75000,,,INTARIAN_PEPPER_ROOT,XIRECS,12068,5
65600,,,INTARIAN_PEPPER_ROOT,XIRECS,12069,8
77900,,,INTARIAN_PEPPER_ROOT,XIRECS,12071,4
79800,,,INTARIAN_PEPPER_ROOT,XIRECS,12073,6
74500,,,INTARIAN_PEPPER_ROOT,XIRECS,12081,6
85300,,,INTARIAN_PEPPER_ROOT,XIRECS,12088,6
96000,,,INTARIAN_PEPPER_ROOT,XIRECS,12089,7
86800,,,INTARIAN_PEPPER_ROOT,XIRECS,12090,5
92600,,,INTARIAN_PEPPER_ROOT,XIRECS,12096,5
102600,,,INTARIAN_PEPPER_ROOT,XIRECS,12098,4
96900,,,INTARIAN_PEPPER_ROOT,XIRECS,12103,4
100000,,,INTARIAN_PEPPER_ROOT,XIRECS,12103,4
100100,,,INTARIAN_PEPPER_ROOT,XIRECS,12107,7
110100,,,INTARIAN_PEPPER_ROOT,XIRECS,12117,7
126000,,,INTARIAN_PEPPER_ROOT,XIRECS,12119,5
113600,,,INTARIAN_PEPPER_ROOT,XIRECS,12120,7
115400,,,INTARIAN_PEPPER_ROOT,XIRECS,12122,6
128400,,,INTARIAN_PEPPER_ROOT,XIRECS,12122,7
118200,,,INTARIAN_PEPPER_ROOT,XIRECS,12125,6
139400,,,INTARIAN_PEPPER_ROOT,XIRECS,12133,7
143400,,,INTARIAN_PEPPER_ROOT,XIRECS,12137,7
142400,,,INTARIAN_PEPPER_ROOT,XIRECS,12138,5
148100,,,INTARIAN_PEPPER_ROOT,XIRECS,12144,3
150500,,,INTARIAN_PEPPER_ROOT,XIRECS,12144,6
141700,,,INTARIAN_PEPPER_ROOT,XIRECS,12145,6
148700,,,INTARIAN_PEPPER_ROOT,XIRECS,12145,8
139000,,,INTARIAN_PEPPER_ROOT,XIRECS,12146,3
159500,,,INTARIAN_PEPPER_ROOT,XIRECS,12153,7
147700,,,INTARIAN_PEPPER_ROOT,XIRECS,12154,3
147600,,,INTARIAN_PEPPER_ROOT,XIRECS,12154,6
170400,,,INTARIAN_PEPPER_ROOT,XIRECS,12164,3
179600,,,INTARIAN_PEPPER_ROOT,XIRECS,12170,5
172800,,,INTARIAN_PEPPER_ROOT,XIRECS,12176,3
170000,,,INTARIAN_PEPPER_ROOT,XIRECS,12177,7
192400,,,INTARIAN_PEPPER_ROOT,XIRECS,12186,3
182200,,,INTARIAN_PEPPER_ROOT,XIRECS,12189,5
183700,,,INTARIAN_PEPPER_ROOT,XIRECS,12190,3
198800,,,INTARIAN_PEPPER_ROOT,XIRECS,12192,6
196500,,,INTARIAN_PEPPER_ROOT,XIRECS,12192,7
186400,,,INTARIAN_PEPPER_ROOT,XIRECS,12193,7
192800,,,INTARIAN_PEPPER_ROOT,XIRECS,12199,7
216000,,,INTARIAN_PEPPER_ROOT,XIRECS,12212,3
216600,,,INTARIAN_PEPPER_ROOT,XIRECS,12212,7
203700,,,INTARIAN_PEPPER_ROOT,XIRECS,12213,7
213100,,,INTARIAN_PEPPER_ROOT,XIRECS,12216,6
216800,,,INTARIAN_PEPPER_ROOT,XIRECS,12223,6
233100,,,INTARIAN_PEPPER_ROOT,XIRECS,12226,5
235900,,,INTARIAN_PEPPER_ROOT,XIRECS,12226,7
237600,,,INTARIAN_PEPPER_ROOT,XIRECS,12231,3
224500,,,INTARIAN_PEPPER_ROOT,XIRECS,12231,6
240400,,,INTARIAN_PEPPER_ROOT,XIRECS,12234,6
229300,,,INTARIAN_PEPPER_ROOT,XIRECS,12236,6
243400,,,INTARIAN_PEPPER_ROOT,XIRECS,12237,5
248500,,,INTARIAN_PEPPER_ROOT,XIRECS,12244,8
237100,,,INTARIAN_PEPPER_ROOT,XIRECS,12247,6
240900,,,INTARIAN_PEPPER_ROOT,XIRECS,12251,5
244200,,,INTARIAN_PEPPER_ROOT,XIRECS,12251,6
251800,,,INTARIAN_PEPPER_ROOT,XIRECS,12255,4
260200,,,INTARIAN_PEPPER_ROOT,XIRECS,12256,3
249200,,,INTARIAN_PEPPER_ROOT,XIRECS,12256,4
264000,,,INTARIAN_PEPPER_ROOT,XIRECS,12257,3
254100,,,INTARIAN_PEPPER_ROOT,XIRECS,12261,6
265500,,,INTARIAN_PEPPER_ROOT,XIRECS,12261,6
265200,,,INTARIAN_PEPPER_ROOT,XIRECS,12261,8
265900,,,INTARIAN_PEPPER_ROOT,XIRECS,12262,8
256700,,,INTARIAN_PEPPER_ROOT,XIRECS,12263,5
262100,,,INTARIAN_PEPPER_ROOT,XIRECS,12269,6
280600,,,INTARIAN_PEPPER_ROOT,XIRECS,12276,8
271900,,,INTARIAN_PEPPER_ROOT,XIRECS,12282,7
277700,,,INTARIAN_PEPPER_ROOT,XIRECS,12284,4
293200,,,INTARIAN_PEPPER_ROOT,XIRECS,12289,7
298500,,,INTARIAN_PEPPER_ROOT,XIRECS,12292,7
297300,,,INTARIAN_PEPPER_ROOT,XIRECS,12293,3
297600,,,INTARIAN_PEPPER_ROOT,XIRECS,12293,8
300500,,,INTARIAN_PEPPER_ROOT,XIRECS,12294,3
292400,,,INTARIAN_PEPPER_ROOT,XIRECS,12296,6
305100,,,INTARIAN_PEPPER_ROOT,XIRECS,12298,6
318500,,,INTARIAN_PEPPER_ROOT,XIRECS,12312,6
319300,,,INTARIAN_PEPPER_ROOT,XIRECS,12313,5
307100,,,INTARIAN_PEPPER_ROOT,XIRECS,12314,4
329100,,,INTARIAN_PEPPER_ROOT,XIRECS,12322,5
331600,,,INTARIAN_PEPPER_ROOT,XIRECS,12322,7
327600,,,INTARIAN_PEPPER_ROOT,XIRECS,12323,3
317300,,,INTARIAN_PEPPER_ROOT,XIRECS,12327,5
321500,,,INTARIAN_PEPPER_ROOT,XIRECS,12328,3
340300,,,INTARIAN_PEPPER_ROOT,XIRECS,12347,6
356100,,,INTARIAN_PEPPER_ROOT,XIRECS,12349,4
355300,,,INTARIAN_PEPPER_ROOT,XIRECS,12349,7
354000,,,INTARIAN_PEPPER_ROOT,XIRECS,12350,3
354400,,,INTARIAN_PEPPER_ROOT,XIRECS,12350,4
346300,,,INTARIAN_PEPPER_ROOT,XIRECS,12350,8
363100,,,INTARIAN_PEPPER_ROOT,XIRECS,12356,4
352200,,,INTARIAN_PEPPER_ROOT,XIRECS,12359,7
374300,,,INTARIAN_PEPPER_ROOT,XIRECS,12368,3
376100,,,INTARIAN_PEPPER_ROOT,XIRECS,12369,5
361900,,,INTARIAN_PEPPER_ROOT,XIRECS,12369,6
378200,,,INTARIAN_PEPPER_ROOT,XIRECS,12372,3
381800,,,INTARIAN_PEPPER_ROOT,XIRECS,12372,6
374200,,,INTARIAN_PEPPER_ROOT,XIRECS,12381,5
374900,,,INTARIAN_PEPPER_ROOT,XIRECS,12382,5
389500,,,INTARIAN_PEPPER_ROOT,XIRECS,12383,4
378500,,,INTARIAN_PEPPER_ROOT,XIRECS,12385,7
379400,,,INTARIAN_PEPPER_ROOT,XIRECS,12386,7
386500,,,INTARIAN_PEPPER_ROOT,XIRECS,12390,3
400900,,,INTARIAN_PEPPER_ROOT,XIRECS,12391,4
387500,,,INTARIAN_PEPPER_ROOT,XIRECS,12391,7
397900,,,INTARIAN_PEPPER_ROOT,XIRECS,12394,6
404700,,,INTARIAN_PEPPER_ROOT,XIRECS,12395,5
398400,,,INTARIAN_PEPPER_ROOT,XIRECS,12405,5
409600,,,INTARIAN_PEPPER_ROOT,XIRECS,12405,6
422100,,,INTARIAN_PEPPER_ROOT,XIRECS,12415,7
421200,,,INTARIAN_PEPPER_ROOT,XIRECS,12424,5
437100,,,INTARIAN_PEPPER_ROOT,XIRECS,12427,5
434800,,,INTARIAN_PEPPER_ROOT,XIRECS,12428,3
442300,,,INTARIAN_PEPPER_ROOT,XIRECS,12438,7
450900,,,INTARIAN_PEPPER_ROOT,XIRECS,12444,6
451200,,,INTARIAN_PEPPER_ROOT,XIRECS,12444,7
446300,,,INTARIAN_PEPPER_ROOT,XIRECS,12453,5
459800,,,INTARIAN_PEPPER_ROOT,XIRECS,12453,6
458100,,,INTARIAN_PEPPER_ROOT,XIRECS,12454,8
448600,,,INTARIAN_PEPPER_ROOT,XIRECS,12455,3
452500,,,INTARIAN_PEPPER_ROOT,XIRECS,12456,8
463700,,,INTARIAN_PEPPER_ROOT,XIRECS,12467,3
478700,,,INTARIAN_PEPPER_ROOT,XIRECS,12474,3
471100,,,INTARIAN_PEPPER_ROOT,XIRECS,12474,6
470800,,,INTARIAN_PEPPER_ROOT,XIRECS,12478,7
485300,,,INTARIAN_PEPPER_ROOT,XIRECS,12479,3
486700,,,INTARIAN_PEPPER_ROOT,XIRECS,12480,4
487800,,,INTARIAN_PEPPER_ROOT,XIRECS,12481,3
492400,,,INTARIAN_PEPPER_ROOT,XIRECS,12486,3
480500,,,INTARIAN_PEPPER_ROOT,XIRECS,12487,4
495900,,,INTARIAN_PEPPER_ROOT,XIRECS,12489,6
491300,,,INTARIAN_PEPPER_ROOT,XIRECS,12495,4
516100,,,INTARIAN_PEPPER_ROOT,XIRECS,12509,7
516900,,,INTARIAN_PEPPER_ROOT,XIRECS,12510,5
513900,,,INTARIAN_PEPPER_ROOT,XIRECS,12517,7
513000,,,INTARIAN_PEPPER_ROOT,XIRECS,12520,6
513400,,,INTARIAN_PEPPER_ROOT,XIRECS,12520,7
514700,,,INTARIAN_PEPPER_ROOT,XIRECS,12521,5
524200,,,INTARIAN_PEPPER_ROOT,XIRECS,12521,7
533100,,,INTARIAN_PEPPER_ROOT,XIRECS,12523,5
532000,,,INTARIAN_PEPPER_ROOT,XIRECS,12525,4
522800,,,INTARIAN_PEPPER_ROOT,XIRECS,12530,5
530400,,,INTARIAN_PEPPER_ROOT,XIRECS,12534,7
541200,,,INTARIAN_PEPPER_ROOT,XIRECS,12534,7
546800,,,INTARIAN_PEPPER_ROOT,XIRECS,12540,6
538300,,,INTARIAN_PEPPER_ROOT,XIRECS,12545,6
554300,,,INTARIAN_PEPPER_ROOT,XIRECS,12550,3
539900,,,INTARIAN_PEPPER_ROOT,XIRECS,12550,5
563400,,,INTARIAN_PEPPER_ROOT,XIRECS,12557,4
566200,,,INTARIAN_PEPPER_ROOT,XIRECS,12559,6
554200,,,INTARIAN_PEPPER_ROOT,XIRECS,12561,3
568200,,,INTARIAN_PEPPER_ROOT,XIRECS,12564,7
581100,,,INTARIAN_PEPPER_ROOT,XIRECS,12574,4
579200,,,INTARIAN_PEPPER_ROOT,XIRECS,12575,4
575500,,,INTARIAN_PEPPER_ROOT,XIRECS,12582,5
595400,,,INTARIAN_PEPPER_ROOT,XIRECS,12585,3
584800,,,INTARIAN_PEPPER_ROOT,XIRECS,12595,3
592300,,,INTARIAN_PEPPER_ROOT,XIRECS,12599,3
608000,,,INTARIAN_PEPPER_ROOT,XIRECS,12604,5
618000,,,INTARIAN_PEPPER_ROOT,XIRECS,12614,6
607800,,,INTARIAN_PEPPER_ROOT,XIRECS,12615,6
609000,,,INTARIAN_PEPPER_ROOT,XIRECS,12616,7
610900,,,INTARIAN_PEPPER_ROOT,XIRECS,12618,7
628800,,,INTARIAN_PEPPER_ROOT,XIRECS,12622,3
611900,,,INTARIAN_PEPPER_ROOT,XIRECS,12622,7
616200,,,INTARIAN_PEPPER_ROOT,XIRECS,12623,5
634300,,,INTARIAN_PEPPER_ROOT,XIRECS,12624,5
629100,,,INTARIAN_PEPPER_ROOT,XIRECS,12625,4
632800,,,INTARIAN_PEPPER_ROOT,XIRECS,12626,4
619800,,,INTARIAN_PEPPER_ROOT,XIRECS,12627,5
638300,,,INTARIAN_PEPPER_ROOT,XIRECS,12628,6
641600,,,INTARIAN_PEPPER_ROOT,XIRECS,12637,8
635000,,,INTARIAN_PEPPER_ROOT,XIRECS,12638,5
644500,,,INTARIAN_PEPPER_ROOT,XIRECS,12638,5
642400,,,INTARIAN_PEPPER_ROOT,XIRECS,12638,8
632500,,,INTARIAN_PEPPER_ROOT,XIRECS,12639,4
639800,,,INTARIAN_PEPPER_ROOT,XIRECS,12643,5
641800,,,INTARIAN_PEPPER_ROOT,XIRECS,12645,6
648100,,,INTARIAN_PEPPER_ROOT,XIRECS,12651,3
664400,,,INTARIAN_PEPPER_ROOT,XIRECS,12654,7
657500,,,INTARIAN_PEPPER_ROOT,XIRECS,12664,7
671400,,,INTARIAN_PEPPER_ROOT,XIRECS,12665,3
663300,,,INTARIAN_PEPPER_ROOT,XIRECS,12667,3
665000,,,INTARIAN_PEPPER_ROOT,XIRECS,12672,4
668300,,,INTARIAN_PEPPER_ROOT,XIRECS,12672,4
679700,,,INTARIAN_PEPPER_ROOT,XIRECS,12673,6
667800,,,INTARIAN_PEPPER_ROOT,XIRECS,12675,4
668300,,,INTARIAN_PEPPER_ROOT,XIRECS,12675,7
686800,,,INTARIAN_PEPPER_ROOT,XIRECS,12680,5
676600,,,INTARIAN_PEPPER_ROOT,XIRECS,12680,6
688600,,,INTARIAN_PEPPER_ROOT,XIRECS,12682,4
683700,,,INTARIAN_PEPPER_ROOT,XIRECS,12691,6
696800,,,INTARIAN_PEPPER_ROOT,XIRECS,12700,5
696300,,,INTARIAN_PEPPER_ROOT,XIRECS,12700,6
694800,,,INTARIAN_PEPPER_ROOT,XIRECS,12702,5
700300,,,INTARIAN_PEPPER_ROOT,XIRECS,12707,4
700800,,,INTARIAN_PEPPER_ROOT,XIRECS,12708,3
720700,,,INTARIAN_PEPPER_ROOT,XIRECS,12714,6
719900,,,INTARIAN_PEPPER_ROOT,XIRECS,12716,5
732700,,,INTARIAN_PEPPER_ROOT,XIRECS,12728,8
722200,,,INTARIAN_PEPPER_ROOT,XIRECS,12729,3
738700,,,INTARIAN_PEPPER_ROOT,XIRECS,12732,6
746600,,,INTARIAN_PEPPER_ROOT,XIRECS,12742,7
756100,,,INTARIAN_PEPPER_ROOT,XIRECS,12749,5
746800,,,INTARIAN_PEPPER_ROOT,XIRECS,12750,4
757800,,,INTARIAN_PEPPER_ROOT,XIRECS,12751,4
763700,,,INTARIAN_PEPPER_ROOT,XIRECS,12754,5
747600,,,INTARIAN_PEPPER_ROOT,XIRECS,12758,5
751100,,,INTARIAN_PEPPER_ROOT,XIRECS,12758,7
767500,,,INTARIAN_PEPPER_ROOT,XIRECS,12761,3
774200,,,INTARIAN_PEPPER_ROOT,XIRECS,12767,6
770000,,,INTARIAN_PEPPER_ROOT,XIRECS,12773,3
768400,,,INTARIAN_PEPPER_ROOT,XIRECS,12775,6
781500,,,INTARIAN_PEPPER_ROOT,XIRECS,12777,7
774500,,,INTARIAN_PEPPER_ROOT,XIRECS,12778,8
792200,,,INTARIAN_PEPPER_ROOT,XIRECS,12785,6
795500,,,INTARIAN_PEPPER_ROOT,XIRECS,12789,4
799100,,,INTARIAN_PEPPER_ROOT,XIRECS,12789,6
793900,,,INTARIAN_PEPPER_ROOT,XIRECS,12790,6
785100,,,INTARIAN_PEPPER_ROOT,XIRECS,12792,3
800600,,,INTARIAN_PEPPER_ROOT,XIRECS,12796,4
791600,,,INTARIAN_PEPPER_ROOT,XIRECS,12798,5
796800,,,INTARIAN_PEPPER_ROOT,XIRECS,12800,7
809500,,,INTARIAN_PEPPER_ROOT,XIRECS,12805,5
798000,,,INTARIAN_PEPPER_ROOT,XIRECS,12808,4
801100,,,INTARIAN_PEPPER_ROOT,XIRECS,12808,5
822000,,,INTARIAN_PEPPER_ROOT,XIRECS,12818,8
825200,,,INTARIAN_PEPPER_ROOT,XIRECS,12821,3
815200,,,INTARIAN_PEPPER_ROOT,XIRECS,12822,6
814800,,,INTARIAN_PEPPER_ROOT,XIRECS,12825,7
818800,,,INTARIAN_PEPPER_ROOT,XIRECS,12826,4
819700,,,INTARIAN_PEPPER_ROOT,XIRECS,12827,3
838400,,,INTARIAN_PEPPER_ROOT,XIRECS,12828,5
831400,,,INTARIAN_PEPPER_ROOT,XIRECS,12835,8
844400,,,INTARIAN_PEPPER_ROOT,XIRECS,12837,4
846300,,,INTARIAN_PEPPER_ROOT,XIRECS,12839,3
832400,,,INTARIAN_PEPPER_ROOT,XIRECS,12839,6
838800,,,INTARIAN_PEPPER_ROOT,XIRECS,12842,5
835800,,,INTARIAN_PEPPER_ROOT,XIRECS,12843,6
841900,,,INTARIAN_PEPPER_ROOT,XIRECS,12845,3
853300,,,INTARIAN_PEPPER_ROOT,XIRECS,12846,5
844300,,,INTARIAN_PEPPER_ROOT,XIRECS,12851,5
848800,,,INTARIAN_PEPPER_ROOT,XIRECS,12856,4
851400,,,INTARIAN_PEPPER_ROOT,XIRECS,12858,5
866200,,,INTARIAN_PEPPER_ROOT,XIRECS,12862,3
853000,,,INTARIAN_PEPPER_ROOT,XIRECS,12863,5
861800,,,INTARIAN_PEPPER_ROOT,XIRECS,12865,3
869000,,,INTARIAN_PEPPER_ROOT,XIRECS,12865,5
873100,,,INTARIAN_PEPPER_ROOT,XIRECS,12866,6
864900,,,INTARIAN_PEPPER_ROOT,XIRECS,12868,7
881600,,,INTARIAN_PEPPER_ROOT,XIRECS,12871,4
866000,,,INTARIAN_PEPPER_ROOT,XIRECS,12873,6
870200,,,INTARIAN_PEPPER_ROOT,XIRECS,12874,6
878600,,,INTARIAN_PEPPER_ROOT,XIRECS,12882,5
892100,,,INTARIAN_PEPPER_ROOT,XIRECS,12885,4
892900,,,INTARIAN_PEPPER_ROOT,XIRECS,12886,3
893500,,,INTARIAN_PEPPER_ROOT,XIRECS,12889,3
896500,,,INTARIAN_PEPPER_ROOT,XIRECS,12890,6
882200,,,INTARIAN_PEPPER_ROOT,XIRECS,12892,7
902000,,,INTARIAN_PEPPER_ROOT,XIRECS,12895,4
904800,,,INTARIAN_PEPPER_ROOT,XIRECS,12898,7
904700,,,INTARIAN_PEPPER_ROOT,XIRECS,12900,7
894200,,,INTARIAN_PEPPER_ROOT,XIRECS,12901,7
908800,,,INTARIAN_PEPPER_ROOT,XIRECS,12904,7
914400,,,INTARIAN_PEPPER_ROOT,XIRECS,12910,7
922400,,,INTARIAN_PEPPER_ROOT,XIRECS,12915,3
922700,,,INTARIAN_PEPPER_ROOT,XIRECS,12916,5
923000,,,INTARIAN_PEPPER_ROOT,XIRECS,12916,7
913400,,,INTARIAN_PEPPER_ROOT,XIRECS,12917,5
906500,,,INTARIAN_PEPPER_ROOT,XIRECS,12917,6
911500,,,INTARIAN_PEPPER_ROOT,XIRECS,12918,4
917000,,,INTARIAN_PEPPER_ROOT,XIRECS,12920,4
927600,,,INTARIAN_PEPPER_ROOT,XIRECS,12921,4
928600,,,INTARIAN_PEPPER_ROOT,XIRECS,12922,7
936700,,,INTARIAN_PEPPER_ROOT,XIRECS,12930,3
940100,,,INTARIAN_PEPPER_ROOT,XIRECS,12930,5
935100,,,INTARIAN_PEPPER_ROOT,XIRECS,12931,4
937600,,,INTARIAN_PEPPER_ROOT,XIRECS,12931,7
936200,,,INTARIAN_PEPPER_ROOT,XIRECS,12932,7
937400,,,INTARIAN_PEPPER_ROOT,XIRECS,12941,3
939400,,,INTARIAN_PEPPER_ROOT,XIRECS,12943,8
956900,,,INTARIAN_PEPPER_ROOT,XIRECS,12947,5
954500,,,INTARIAN_PEPPER_ROOT,XIRECS,12948,4
954600,,,INTARIAN_PEPPER_ROOT,XIRECS,12948,4
957200,,,INTARIAN_PEPPER_ROOT,XIRECS,12950,7
943700,,,INTARIAN_PEPPER_ROOT,XIRECS,12951,3
955100,,,INTARIAN_PEPPER_ROOT,XIRECS,12951,8
961600,,,INTARIAN_PEPPER_ROOT,XIRECS,12955,3
958900,,,INTARIAN_PEPPER_ROOT,XIRECS,12955,7
960600,,,INTARIAN_PEPPER_ROOT,XIRECS,12956,2
960600,,,INTARIAN_PEPPER_ROOT,XIRECS,12956,3
951400,,,INTARIAN_PEPPER_ROOT,XIRECS,12958,3
965100,,,INTARIAN_PEPPER_ROOT,XIRECS,12958,6
972000,,,INTARIAN_PEPPER_ROOT,XIRECS,12965,3
957900,,,INTARIAN_PEPPER_ROOT,XIRECS,12965,7
971600,,,INTARIAN_PEPPER_ROOT,XIRECS,12967,7
975500,,,INTARIAN_PEPPER_ROOT,XIRECS,12969,6
978800,,,INTARIAN_PEPPER_ROOT,XIRECS,12972,4
971300,,,INTARIAN_PEPPER_ROOT,XIRECS,12975,3
985800,,,INTARIAN_PEPPER_ROOT,XIRECS,12981,5
990200,,,INTARIAN_PEPPER_ROOT,XIRECS,12983,6
991300,,,INTARIAN_PEPPER_ROOT,XIRECS,12984,3
990900,,,INTARIAN_PEPPER_ROOT,XIRECS,12984,6
989900,,,INTARIAN_PEPPER_ROOT,XIRECS,12986,4
989200,,,INTARIAN_PEPPER_ROOT,XIRECS,12993,8
990700,,,INTARIAN_PEPPER_ROOT,XIRECS,12998,6
995000,,,INTARIAN_PEPPER_ROOT,XIRECS,13002,4
998400,,,INTARIAN_PEPPER_ROOT,XIRECS,13005,4
