timestamp;buyer;seller;symbol;currency;price;quantity
827600;;;ASH_COATED_OSMIUM;XIRECS;9982;2
130100;;;ASH_COATED_OSMIUM;XIRECS;9986;2
102000;;;ASH_COATED_OSMIUM;XIRECS;9988;2
799500;;;ASH_COATED_OSMIUM;XIRECS;9988;2
818800;;;ASH_COATED_OSMIUM;XIRECS;9988;2
840600;;;ASH_COATED_OSMIUM;XIRECS;9988;2
169400;;;ASH_COATED_OSMIUM;XIRECS;9989;2
562200;;;ASH_COATED_OSMIUM;XIRECS;9989;2
925200;;;ASH_COATED_OSMIUM;XIRECS;9989;2
101100;;;ASH_COATED_OSMIUM;XIRECS;9990;2
62400;;;ASH_COATED_OSMIUM;XIRECS;9991;2
74200;;;ASH_COATED_OSMIUM;XIRECS;9991;2
16600;;;ASH_COATED_OSMIUM;XIRECS;9992;2
20900;;;ASH_COATED_OSMIUM;XIRECS;9992;2
35900;;;ASH_COATED_OSMIUM;XIRECS;9992;2
152000;;;ASH_COATED_OSMIUM;XIRECS;9992;2
176900;;;ASH_COATED_OSMIUM;XIRECS;9992;2
773000;;;ASH_COATED_OSMIUM;XIRECS;9992;2
469000;;;ASH_COATED_OSMIUM;XIRECS;9993;2
768500;;;ASH_COATED_OSMIUM;XIRECS;9993;2
146600;;;ASH_COATED_OSMIUM;XIRECS;9994;2
262200;;;ASH_COATED_OSMIUM;XIRECS;9994;2
534100;;;ASH_COATED_OSMIUM;XIRECS;9994;2
621900;;;ASH_COATED_OSMIUM;XIRECS;9994;2
973300;;;ASH_COATED_OSMIUM;XIRECS;9994;2
390900;;;ASH_COATED_OSMIUM;XIRECS;9995;2
423900;;;ASH_COATED_OSMIUM;XIRECS;9995;2
509900;;;ASH_COATED_OSMIUM;XIRECS;9995;2
694300;;;ASH_COATED_OSMIUM;XIRECS;9995;2
984200;;;ASH_COATED_OSMIUM;XIRECS;9996;2
395100;;;ASH_COATED_OSMIUM;XIRECS;9999;2
747500;;;ASH_COATED_OSMIUM;XIRECS;10003;2
797000;;;ASH_COATED_OSMIUM;XIRECS;10003;2
13000;;;ASH_COATED_OSMIUM;XIRECS;10005;2
705000;;;ASH_COATED_OSMIUM;XIRECS;10005;2
740000;;;ASH_COATED_OSMIUM;XIRECS;10005;2
741500;;;ASH_COATED_OSMIUM;XIRECS;10005;2
547600;;;ASH_COATED_OSMIUM;XIRECS;10006;2
937900;;;ASH_COATED_OSMIUM;XIRECS;10006;2
939300;;;ASH_COATED_OSMIUM;XIRECS;10006;2
607000;;;ASH_COATED_OSMIUM;XIRECS;10008;2
732800;;;ASH_COATED_OSMIUM;XIRECS;10008;2
51700;;;ASH_COATED_OSMIUM;XIRECS;10009;2
408000;;;ASH_COATED_OSMIUM;XIRECS;10009;2
491600;;;ASH_COATED_OSMIUM;XIRECS;10010;2
883100;;;ASH_COATED_OSMIUM;XIRECS;10010;2
888600;;;ASH_COATED_OSMIUM;XIRECS;10010;2
78000;;;ASH_COATED_OSMIUM;XIRECS;10011;2
352300;;;ASH_COATED_OSMIUM;XIRECS;10011;2
312600;;;ASH_COATED_OSMIUM;XIRECS;10012;2
709100;;;ASH_COATED_OSMIUM;XIRECS;10013;2
337400;;;ASH_COATED_OSMIUM;XIRECS;10015;2
329700;;;ASH_COATED_OSMIUM;XIRECS;10016;2
660400;;;ASH_COATED_OSMIUM;XIRECS;10017;2
128900;;;ASH_COATED_OSMIUM;XIRECS;9987;3
936400;;;ASH_COATED_OSMIUM;XIRECS;9987;3
132100;;;ASH_COATED_OSMIUM;XIRECS;9988;3
62000;;;ASH_COATED_OSMIUM;XIRECS;9989;3
137700;;;ASH_COATED_OSMIUM;XIRECS;9989;3
847200;;;ASH_COATED_OSMIUM;XIRECS;9989;3
711100;;;ASH_COATED_OSMIUM;XIRECS;9990;3
861700;;;ASH_COATED_OSMIUM;XIRECS;9990;3
118100;;;ASH_COATED_OSMIUM;XIRECS;9991;3
141100;;;ASH_COATED_OSMIUM;XIRECS;9991;3
904100;;;ASH_COATED_OSMIUM;XIRECS;9991;3
589500;;;ASH_COATED_OSMIUM;XIRECS;9992;3
787800;;;ASH_COATED_OSMIUM;XIRECS;9992;3
834000;;;ASH_COATED_OSMIUM;XIRECS;9992;3
74000;;;ASH_COATED_OSMIUM;XIRECS;9993;3
228800;;;ASH_COATED_OSMIUM;XIRECS;9993;3
368500;;;ASH_COATED_OSMIUM;XIRECS;9993;3
896700;;;ASH_COATED_OSMIUM;XIRECS;9993;3
193700;;;ASH_COATED_OSMIUM;XIRECS;9994;3
487100;;;ASH_COATED_OSMIUM;XIRECS;9994;3
218000;;;ASH_COATED_OSMIUM;XIRECS;9995;3
308100;;;ASH_COATED_OSMIUM;XIRECS;9995;3
968200;;;ASH_COATED_OSMIUM;XIRECS;9995;3
969300;;;ASH_COATED_OSMIUM;XIRECS;9995;3
444300;;;ASH_COATED_OSMIUM;XIRECS;9997;3
496100;;;ASH_COATED_OSMIUM;XIRECS;9997;3
830500;;;ASH_COATED_OSMIUM;XIRECS;9998;3
324600;;;ASH_COATED_OSMIUM;XIRECS;9999;3
57200;;;ASH_COATED_OSMIUM;XIRECS;10001;3
251100;;;ASH_COATED_OSMIUM;XIRECS;10001;3
193500;;;ASH_COATED_OSMIUM;XIRECS;10002;3
891300;;;ASH_COATED_OSMIUM;XIRECS;10003;3
842600;;;ASH_COATED_OSMIUM;XIRECS;10004;3
929800;;;ASH_COATED_OSMIUM;XIRECS;10004;3
835100;;;ASH_COATED_OSMIUM;XIRECS;10005;3
919000;;;ASH_COATED_OSMIUM;XIRECS;10005;3
935200;;;ASH_COATED_OSMIUM;XIRECS;10005;3
58000;;;ASH_COATED_OSMIUM;XIRECS;10006;3
573400;;;ASH_COATED_OSMIUM;XIRECS;10007;3
673400;;;ASH_COATED_OSMIUM;XIRECS;10007;3
19300;;;ASH_COATED_OSMIUM;XIRECS;10008;3
359000;;;ASH_COATED_OSMIUM;XIRECS;10008;3
572700;;;ASH_COATED_OSMIUM;XIRECS;10008;3
575700;;;ASH_COATED_OSMIUM;XIRECS;10008;3
922600;;;ASH_COATED_OSMIUM;XIRECS;10008;3
939400;;;ASH_COATED_OSMIUM;XIRECS;10008;3
149000;;;ASH_COATED_OSMIUM;XIRECS;10009;3
424900;;;ASH_COATED_OSMIUM;XIRECS;10009;3
241800;;;ASH_COATED_OSMIUM;XIRECS;10010;3
262300;;;ASH_COATED_OSMIUM;XIRECS;10010;3
232900;;;ASH_COATED_OSMIUM;XIRECS;10011;3
235800;;;ASH_COATED_OSMIUM;XIRECS;10013;3
705600;;;ASH_COATED_OSMIUM;XIRECS;10013;3
329600;;;ASH_COATED_OSMIUM;XIRECS;10016;3
662500;;;ASH_COATED_OSMIUM;XIRECS;10016;3
325900;;;ASH_COATED_OSMIUM;XIRECS;10018;3
667100;;;ASH_COATED_OSMIUM;XIRECS;10018;3
25800;;;INTARIAN_PEPPER_ROOT;XIRECS;11029;3
31600;;;INTARIAN_PEPPER_ROOT;XIRECS;11034;3
40400;;;INTARIAN_PEPPER_ROOT;XIRECS;11046;3
70500;;;INTARIAN_PEPPER_ROOT;XIRECS;11067;3
88700;;;INTARIAN_PEPPER_ROOT;XIRECS;11083;3
88800;;;INTARIAN_PEPPER_ROOT;XIRECS;11083;3
98400;;;INTARIAN_PEPPER_ROOT;XIRECS;11104;3
128700;;;INTARIAN_PEPPER_ROOT;XIRECS;11125;3
131500;;;INTARIAN_PEPPER_ROOT;XIRECS;11125;3
187000;;;INTARIAN_PEPPER_ROOT;XIRECS;11196;3
218900;;;INTARIAN_PEPPER_ROOT;XIRECS;11225;3
228300;;;INTARIAN_PEPPER_ROOT;XIRECS;11234;3
273700;;;INTARIAN_PEPPER_ROOT;XIRECS;11268;3
320500;;;INTARIAN_PEPPER_ROOT;XIRECS;11317;3
369200;;;INTARIAN_PEPPER_ROOT;XIRECS;11363;3
359500;;;INTARIAN_PEPPER_ROOT;XIRECS;11366;3
378200;;;INTARIAN_PEPPER_ROOT;XIRECS;11387;3
421100;;;INTARIAN_PEPPER_ROOT;XIRECS;11415;3
413500;;;INTARIAN_PEPPER_ROOT;XIRECS;11420;3
429600;;;INTARIAN_PEPPER_ROOT;XIRECS;11426;3
436500;;;INTARIAN_PEPPER_ROOT;XIRECS;11430;3
479500;;;INTARIAN_PEPPER_ROOT;XIRECS;11473;3
488700;;;INTARIAN_PEPPER_ROOT;XIRECS;11495;3
494900;;;INTARIAN_PEPPER_ROOT;XIRECS;11501;3
498800;;;INTARIAN_PEPPER_ROOT;XIRECS;11502;3
524600;;;INTARIAN_PEPPER_ROOT;XIRECS;11521;3
544200;;;INTARIAN_PEPPER_ROOT;XIRECS;11535;3
529400;;;INTARIAN_PEPPER_ROOT;XIRECS;11536;3
552200;;;INTARIAN_PEPPER_ROOT;XIRECS;11548;3
602300;;;INTARIAN_PEPPER_ROOT;XIRECS;11596;3
623600;;;INTARIAN_PEPPER_ROOT;XIRECS;11617;3
641400;;;INTARIAN_PEPPER_ROOT;XIRECS;11648;3
671600;;;INTARIAN_PEPPER_ROOT;XIRECS;11668;3
686100;;;INTARIAN_PEPPER_ROOT;XIRECS;11682;3
719200;;;INTARIAN_PEPPER_ROOT;XIRECS;11713;3
721400;;;INTARIAN_PEPPER_ROOT;XIRECS;11715;3
727600;;;INTARIAN_PEPPER_ROOT;XIRECS;11724;3
734100;;;INTARIAN_PEPPER_ROOT;XIRECS;11728;3
754300;;;INTARIAN_PEPPER_ROOT;XIRECS;11748;3
748900;;;INTARIAN_PEPPER_ROOT;XIRECS;11755;3
760600;;;INTARIAN_PEPPER_ROOT;XIRECS;11757;3
758400;;;INTARIAN_PEPPER_ROOT;XIRECS;11765;3
775000;;;INTARIAN_PEPPER_ROOT;XIRECS;11766;3
757600;;;INTARIAN_PEPPER_ROOT;XIRECS;11767;3
760500;;;INTARIAN_PEPPER_ROOT;XIRECS;11767;3
763700;;;INTARIAN_PEPPER_ROOT;XIRECS;11770;3
846300;;;INTARIAN_PEPPER_ROOT;XIRECS;11840;3
839400;;;INTARIAN_PEPPER_ROOT;XIRECS;11849;3
896500;;;INTARIAN_PEPPER_ROOT;XIRECS;11900;3
918300;;;INTARIAN_PEPPER_ROOT;XIRECS;11921;3
933200;;;INTARIAN_PEPPER_ROOT;XIRECS;11924;3
918900;;;INTARIAN_PEPPER_ROOT;XIRECS;11925;3
938200;;;INTARIAN_PEPPER_ROOT;XIRECS;11934;3
928500;;;INTARIAN_PEPPER_ROOT;XIRECS;11935;3
945800;;;INTARIAN_PEPPER_ROOT;XIRECS;11949;3
944100;;;INTARIAN_PEPPER_ROOT;XIRECS;11951;3
958000;;;INTARIAN_PEPPER_ROOT;XIRECS;11964;3
976100;;;INTARIAN_PEPPER_ROOT;XIRECS;11970;3
984400;;;INTARIAN_PEPPER_ROOT;XIRECS;11991;3
753100;;;ASH_COATED_OSMIUM;XIRECS;9985;4
564800;;;ASH_COATED_OSMIUM;XIRECS;9987;4
902700;;;ASH_COATED_OSMIUM;XIRECS;9987;4
567700;;;ASH_COATED_OSMIUM;XIRECS;9989;4
855000;;;ASH_COATED_OSMIUM;XIRECS;9989;4
921500;;;ASH_COATED_OSMIUM;XIRECS;9989;4
939900;;;ASH_COATED_OSMIUM;XIRECS;9990;4
426300;;;ASH_COATED_OSMIUM;XIRECS;9991;4
729500;;;ASH_COATED_OSMIUM;XIRECS;9991;4
940900;;;ASH_COATED_OSMIUM;XIRECS;9991;4
279800;;;ASH_COATED_OSMIUM;XIRECS;9992;4
875600;;;ASH_COATED_OSMIUM;XIRECS;9992;4
47600;;;ASH_COATED_OSMIUM;XIRECS;9993;4
505900;;;ASH_COATED_OSMIUM;XIRECS;9993;4
503500;;;ASH_COATED_OSMIUM;XIRECS;9994;4
536000;;;ASH_COATED_OSMIUM;XIRECS;9994;4
628200;;;ASH_COATED_OSMIUM;XIRECS;9994;4
765800;;;ASH_COATED_OSMIUM;XIRECS;9994;4
744200;;;ASH_COATED_OSMIUM;XIRECS;9995;4
948900;;;ASH_COATED_OSMIUM;XIRECS;9995;4
380900;;;ASH_COATED_OSMIUM;XIRECS;9996;4
433200;;;ASH_COATED_OSMIUM;XIRECS;9996;4
516600;;;ASH_COATED_OSMIUM;XIRECS;9996;4
358000;;;ASH_COATED_OSMIUM;XIRECS;9997;4
356300;;;ASH_COATED_OSMIUM;XIRECS;9998;4
273500;;;ASH_COATED_OSMIUM;XIRECS;9999;4
399200;;;ASH_COATED_OSMIUM;XIRECS;9999;4
659600;;;ASH_COATED_OSMIUM;XIRECS;10001;4
588200;;;ASH_COATED_OSMIUM;XIRECS;10002;4
430400;;;ASH_COATED_OSMIUM;XIRECS;10004;4
582600;;;ASH_COATED_OSMIUM;XIRECS;10007;4
50300;;;ASH_COATED_OSMIUM;XIRECS;10008;4
216000;;;ASH_COATED_OSMIUM;XIRECS;10008;4
375600;;;ASH_COATED_OSMIUM;XIRECS;10008;4
710200;;;ASH_COATED_OSMIUM;XIRECS;10008;4
868300;;;ASH_COATED_OSMIUM;XIRECS;10008;4
898800;;;ASH_COATED_OSMIUM;XIRECS;10008;4
206100;;;ASH_COATED_OSMIUM;XIRECS;10009;4
208500;;;ASH_COATED_OSMIUM;XIRECS;10009;4
483900;;;ASH_COATED_OSMIUM;XIRECS;10009;4
548100;;;ASH_COATED_OSMIUM;XIRECS;10009;4
75700;;;ASH_COATED_OSMIUM;XIRECS;10010;4
76600;;;ASH_COATED_OSMIUM;XIRECS;10010;4
76900;;;ASH_COATED_OSMIUM;XIRECS;10010;4
88400;;;ASH_COATED_OSMIUM;XIRECS;10010;4
218600;;;ASH_COATED_OSMIUM;XIRECS;10010;4
236300;;;ASH_COATED_OSMIUM;XIRECS;10010;4
246400;;;ASH_COATED_OSMIUM;XIRECS;10010;4
405700;;;ASH_COATED_OSMIUM;XIRECS;10010;4
776200;;;ASH_COATED_OSMIUM;XIRECS;10010;4
222000;;;ASH_COATED_OSMIUM;XIRECS;10011;4
352100;;;ASH_COATED_OSMIUM;XIRECS;10011;4
647000;;;ASH_COATED_OSMIUM;XIRECS;10014;4
400700;;;ASH_COATED_OSMIUM;XIRECS;10015;4
663200;;;ASH_COATED_OSMIUM;XIRECS;10016;4
4200;;;INTARIAN_PEPPER_ROOT;XIRECS;10995;4
6300;;;INTARIAN_PEPPER_ROOT;XIRECS;11000;4
38500;;;INTARIAN_PEPPER_ROOT;XIRECS;11032;4
40300;;;INTARIAN_PEPPER_ROOT;XIRECS;11034;4
44800;;;INTARIAN_PEPPER_ROOT;XIRECS;11039;4
53100;;;INTARIAN_PEPPER_ROOT;XIRECS;11049;4
101000;;;INTARIAN_PEPPER_ROOT;XIRECS;11097;4
113600;;;INTARIAN_PEPPER_ROOT;XIRECS;11111;4
121900;;;INTARIAN_PEPPER_ROOT;XIRECS;11128;4
139300;;;INTARIAN_PEPPER_ROOT;XIRECS;11133;4
157200;;;INTARIAN_PEPPER_ROOT;XIRECS;11163;4
178800;;;INTARIAN_PEPPER_ROOT;XIRECS;11185;4
211700;;;INTARIAN_PEPPER_ROOT;XIRECS;11206;4
222800;;;INTARIAN_PEPPER_ROOT;XIRECS;11217;4
229500;;;INTARIAN_PEPPER_ROOT;XIRECS;11223;4
232900;;;INTARIAN_PEPPER_ROOT;XIRECS;11239;4
282100;;;INTARIAN_PEPPER_ROOT;XIRECS;11285;4
316600;;;INTARIAN_PEPPER_ROOT;XIRECS;11310;4
324600;;;INTARIAN_PEPPER_ROOT;XIRECS;11318;4
329700;;;INTARIAN_PEPPER_ROOT;XIRECS;11326;4
337700;;;INTARIAN_PEPPER_ROOT;XIRECS;11344;4
350900;;;INTARIAN_PEPPER_ROOT;XIRECS;11345;4
351600;;;INTARIAN_PEPPER_ROOT;XIRECS;11361;4
457600;;;INTARIAN_PEPPER_ROOT;XIRECS;11464;4
497200;;;INTARIAN_PEPPER_ROOT;XIRECS;11488;4
504900;;;INTARIAN_PEPPER_ROOT;XIRECS;11499;4
509600;;;INTARIAN_PEPPER_ROOT;XIRECS;11503;4
503800;;;INTARIAN_PEPPER_ROOT;XIRECS;11510;4
534000;;;INTARIAN_PEPPER_ROOT;XIRECS;11537;4
534100;;;INTARIAN_PEPPER_ROOT;XIRECS;11537;4
555400;;;INTARIAN_PEPPER_ROOT;XIRECS;11558;4
593200;;;INTARIAN_PEPPER_ROOT;XIRECS;11589;4
607000;;;INTARIAN_PEPPER_ROOT;XIRECS;11603;4
599600;;;INTARIAN_PEPPER_ROOT;XIRECS;11606;4
627500;;;INTARIAN_PEPPER_ROOT;XIRECS;11634;4
630300;;;INTARIAN_PEPPER_ROOT;XIRECS;11637;4
663600;;;INTARIAN_PEPPER_ROOT;XIRECS;11657;4
666000;;;INTARIAN_PEPPER_ROOT;XIRECS;11672;4
689700;;;INTARIAN_PEPPER_ROOT;XIRECS;11686;4
679900;;;INTARIAN_PEPPER_ROOT;XIRECS;11689;4
695800;;;INTARIAN_PEPPER_ROOT;XIRECS;11689;4
736500;;;INTARIAN_PEPPER_ROOT;XIRECS;11730;4
747600;;;INTARIAN_PEPPER_ROOT;XIRECS;11741;4
757000;;;INTARIAN_PEPPER_ROOT;XIRECS;11751;4
772900;;;INTARIAN_PEPPER_ROOT;XIRECS;11767;4
791600;;;INTARIAN_PEPPER_ROOT;XIRECS;11785;4
807000;;;INTARIAN_PEPPER_ROOT;XIRECS;11801;4
851900;;;INTARIAN_PEPPER_ROOT;XIRECS;11848;4
859800;;;INTARIAN_PEPPER_ROOT;XIRECS;11863;4
881500;;;INTARIAN_PEPPER_ROOT;XIRECS;11888;4
901200;;;INTARIAN_PEPPER_ROOT;XIRECS;11904;4
952100;;;INTARIAN_PEPPER_ROOT;XIRECS;11946;4
995200;;;INTARIAN_PEPPER_ROOT;XIRECS;11989;4
852400;;;ASH_COATED_OSMIUM;XIRECS;9986;5
922500;;;ASH_COATED_OSMIUM;XIRECS;9988;5
288100;;;ASH_COATED_OSMIUM;XIRECS;9989;5
354300;;;ASH_COATED_OSMIUM;XIRECS;9989;5
52800;;;ASH_COATED_OSMIUM;XIRECS;9990;5
100500;;;ASH_COATED_OSMIUM;XIRECS;9990;5
207700;;;ASH_COATED_OSMIUM;XIRECS;9990;5
915600;;;ASH_COATED_OSMIUM;XIRECS;9990;5
573000;;;ASH_COATED_OSMIUM;XIRECS;9991;5
103000;;;ASH_COATED_OSMIUM;XIRECS;9992;5
250800;;;ASH_COATED_OSMIUM;XIRECS;9992;5
356400;;;ASH_COATED_OSMIUM;XIRECS;9992;5
592100;;;ASH_COATED_OSMIUM;XIRECS;9992;5
709900;;;ASH_COATED_OSMIUM;XIRECS;9992;5
873900;;;ASH_COATED_OSMIUM;XIRECS;9992;5
77300;;;ASH_COATED_OSMIUM;XIRECS;9993;5
353900;;;ASH_COATED_OSMIUM;XIRECS;9993;5
17200;;;ASH_COATED_OSMIUM;XIRECS;9994;5
153700;;;ASH_COATED_OSMIUM;XIRECS;9994;5
535800;;;ASH_COATED_OSMIUM;XIRECS;9994;5
778300;;;ASH_COATED_OSMIUM;XIRECS;9994;5
888200;;;ASH_COATED_OSMIUM;XIRECS;9994;5
997800;;;ASH_COATED_OSMIUM;XIRECS;9994;5
492600;;;ASH_COATED_OSMIUM;XIRECS;9995;5
522400;;;ASH_COATED_OSMIUM;XIRECS;9995;5
525200;;;ASH_COATED_OSMIUM;XIRECS;9995;5
614900;;;ASH_COATED_OSMIUM;XIRECS;9995;5
954500;;;ASH_COATED_OSMIUM;XIRECS;9995;5
643800;;;ASH_COATED_OSMIUM;XIRECS;9996;5
18700;;;ASH_COATED_OSMIUM;XIRECS;9998;5
331400;;;ASH_COATED_OSMIUM;XIRECS;10000;5
312900;;;ASH_COATED_OSMIUM;XIRECS;10001;5
497700;;;ASH_COATED_OSMIUM;XIRECS;10001;5
662400;;;ASH_COATED_OSMIUM;XIRECS;10001;5
310300;;;ASH_COATED_OSMIUM;XIRECS;10002;5
671500;;;ASH_COATED_OSMIUM;XIRECS;10003;5
850900;;;ASH_COATED_OSMIUM;XIRECS;10004;5
277500;;;ASH_COATED_OSMIUM;XIRECS;10005;5
280500;;;ASH_COATED_OSMIUM;XIRECS;10006;5
538800;;;ASH_COATED_OSMIUM;XIRECS;10006;5
865200;;;ASH_COATED_OSMIUM;XIRECS;10006;5
914700;;;ASH_COATED_OSMIUM;XIRECS;10006;5
920000;;;ASH_COATED_OSMIUM;XIRECS;10006;5
14600;;;ASH_COATED_OSMIUM;XIRECS;10007;5
14900;;;ASH_COATED_OSMIUM;XIRECS;10007;5
541900;;;ASH_COATED_OSMIUM;XIRECS;10007;5
907700;;;ASH_COATED_OSMIUM;XIRECS;10007;5
912500;;;ASH_COATED_OSMIUM;XIRECS;10007;5
935000;;;ASH_COATED_OSMIUM;XIRECS;10007;5
44700;;;ASH_COATED_OSMIUM;XIRECS;10008;5
280700;;;ASH_COATED_OSMIUM;XIRECS;10008;5
571600;;;ASH_COATED_OSMIUM;XIRECS;10008;5
605600;;;ASH_COATED_OSMIUM;XIRECS;10008;5
731900;;;ASH_COATED_OSMIUM;XIRECS;10008;5
899600;;;ASH_COATED_OSMIUM;XIRECS;10008;5
264200;;;ASH_COATED_OSMIUM;XIRECS;10009;5
418300;;;ASH_COATED_OSMIUM;XIRECS;10009;5
23100;;;ASH_COATED_OSMIUM;XIRECS;10010;5
244200;;;ASH_COATED_OSMIUM;XIRECS;10010;5
428300;;;ASH_COATED_OSMIUM;XIRECS;10010;5
954800;;;ASH_COATED_OSMIUM;XIRECS;10010;5
386500;;;ASH_COATED_OSMIUM;XIRECS;10011;5
500000;;;ASH_COATED_OSMIUM;XIRECS;10011;5
527900;;;ASH_COATED_OSMIUM;XIRECS;10011;5
315000;;;ASH_COATED_OSMIUM;XIRECS;10012;5
407500;;;ASH_COATED_OSMIUM;XIRECS;10012;5
415200;;;ASH_COATED_OSMIUM;XIRECS;10012;5
519100;;;ASH_COATED_OSMIUM;XIRECS;10012;5
531800;;;ASH_COATED_OSMIUM;XIRECS;10013;5
637800;;;ASH_COATED_OSMIUM;XIRECS;10013;5
644200;;;ASH_COATED_OSMIUM;XIRECS;10013;5
430900;;;ASH_COATED_OSMIUM;XIRECS;10014;5
647400;;;ASH_COATED_OSMIUM;XIRECS;10015;5
654500;;;ASH_COATED_OSMIUM;XIRECS;10015;5
962100;;;ASH_COATED_OSMIUM;XIRECS;10015;5
336000;;;ASH_COATED_OSMIUM;XIRECS;10016;5
657400;;;ASH_COATED_OSMIUM;XIRECS;10016;5
24100;;;INTARIAN_PEPPER_ROOT;XIRECS;11030;5
38700;;;INTARIAN_PEPPER_ROOT;XIRECS;11035;5
40000;;;INTARIAN_PEPPER_ROOT;XIRECS;11036;5
52900;;;INTARIAN_PEPPER_ROOT;XIRECS;11047;5
41900;;;INTARIAN_PEPPER_ROOT;XIRECS;11048;5
81000;;;INTARIAN_PEPPER_ROOT;XIRECS;11072;5
74000;;;INTARIAN_PEPPER_ROOT;XIRECS;11080;5
81900;;;INTARIAN_PEPPER_ROOT;XIRECS;11088;5
108800;;;INTARIAN_PEPPER_ROOT;XIRECS;11115;5
123400;;;INTARIAN_PEPPER_ROOT;XIRECS;11132;5
215300;;;INTARIAN_PEPPER_ROOT;XIRECS;11211;5
243200;;;INTARIAN_PEPPER_ROOT;XIRECS;11249;5
273300;;;INTARIAN_PEPPER_ROOT;XIRECS;11264;5
287400;;;INTARIAN_PEPPER_ROOT;XIRECS;11290;5
309100;;;INTARIAN_PEPPER_ROOT;XIRECS;11300;5
325100;;;INTARIAN_PEPPER_ROOT;XIRECS;11319;5
350500;;;INTARIAN_PEPPER_ROOT;XIRECS;11347;5
367800;;;INTARIAN_PEPPER_ROOT;XIRECS;11371;5
388700;;;INTARIAN_PEPPER_ROOT;XIRECS;11395;5
398800;;;INTARIAN_PEPPER_ROOT;XIRECS;11395;5
409300;;;INTARIAN_PEPPER_ROOT;XIRECS;11405;5
405100;;;INTARIAN_PEPPER_ROOT;XIRECS;11411;5
435500;;;INTARIAN_PEPPER_ROOT;XIRECS;11438;5
455400;;;INTARIAN_PEPPER_ROOT;XIRECS;11464;5
457500;;;INTARIAN_PEPPER_ROOT;XIRECS;11464;5
465200;;;INTARIAN_PEPPER_ROOT;XIRECS;11468;5
488800;;;INTARIAN_PEPPER_ROOT;XIRECS;11483;5
494600;;;INTARIAN_PEPPER_ROOT;XIRECS;11485;5
497800;;;INTARIAN_PEPPER_ROOT;XIRECS;11504;5
508700;;;INTARIAN_PEPPER_ROOT;XIRECS;11515;5
508800;;;INTARIAN_PEPPER_ROOT;XIRECS;11515;5
553200;;;INTARIAN_PEPPER_ROOT;XIRECS;11547;5
543100;;;INTARIAN_PEPPER_ROOT;XIRECS;11549;5
547800;;;INTARIAN_PEPPER_ROOT;XIRECS;11557;5
576500;;;INTARIAN_PEPPER_ROOT;XIRECS;11570;5
605800;;;INTARIAN_PEPPER_ROOT;XIRECS;11597;5
611100;;;INTARIAN_PEPPER_ROOT;XIRECS;11617;5
628200;;;INTARIAN_PEPPER_ROOT;XIRECS;11622;5
636700;;;INTARIAN_PEPPER_ROOT;XIRECS;11643;5
640900;;;INTARIAN_PEPPER_ROOT;XIRECS;11644;5
655200;;;INTARIAN_PEPPER_ROOT;XIRECS;11649;5
657600;;;INTARIAN_PEPPER_ROOT;XIRECS;11651;5
659100;;;INTARIAN_PEPPER_ROOT;XIRECS;11655;5
652400;;;INTARIAN_PEPPER_ROOT;XIRECS;11659;5
685900;;;INTARIAN_PEPPER_ROOT;XIRECS;11680;5
696400;;;INTARIAN_PEPPER_ROOT;XIRECS;11690;5
709600;;;INTARIAN_PEPPER_ROOT;XIRECS;11706;5
700000;;;INTARIAN_PEPPER_ROOT;XIRECS;11709;5
716700;;;INTARIAN_PEPPER_ROOT;XIRECS;11723;5
772500;;;INTARIAN_PEPPER_ROOT;XIRECS;11766;5
805800;;;INTARIAN_PEPPER_ROOT;XIRECS;11799;5
795600;;;INTARIAN_PEPPER_ROOT;XIRECS;11802;5
834800;;;INTARIAN_PEPPER_ROOT;XIRECS;11828;5
846600;;;INTARIAN_PEPPER_ROOT;XIRECS;11840;5
865100;;;INTARIAN_PEPPER_ROOT;XIRECS;11859;5
862300;;;INTARIAN_PEPPER_ROOT;XIRECS;11869;5
893300;;;INTARIAN_PEPPER_ROOT;XIRECS;11896;5
897900;;;INTARIAN_PEPPER_ROOT;XIRECS;11901;5
941600;;;INTARIAN_PEPPER_ROOT;XIRECS;11935;5
965400;;;INTARIAN_PEPPER_ROOT;XIRECS;11959;5
963100;;;INTARIAN_PEPPER_ROOT;XIRECS;11966;5
974400;;;INTARIAN_PEPPER_ROOT;XIRECS;11977;5
985200;;;INTARIAN_PEPPER_ROOT;XIRECS;11992;5
826700;;;ASH_COATED_OSMIUM;XIRECS;9982;6
745600;;;ASH_COATED_OSMIUM;XIRECS;9985;6
291800;;;ASH_COATED_OSMIUM;XIRECS;9986;6
802300;;;ASH_COATED_OSMIUM;XIRECS;9986;6
742300;;;ASH_COATED_OSMIUM;XIRECS;9987;6
126600;;;ASH_COATED_OSMIUM;XIRECS;9988;6
290500;;;ASH_COATED_OSMIUM;XIRECS;9988;6
274200;;;ASH_COATED_OSMIUM;XIRECS;9989;6
581000;;;ASH_COATED_OSMIUM;XIRECS;9989;6
594000;;;ASH_COATED_OSMIUM;XIRECS;9989;6
598000;;;ASH_COATED_OSMIUM;XIRECS;9990;6
911300;;;ASH_COATED_OSMIUM;XIRECS;9990;6
917100;;;ASH_COATED_OSMIUM;XIRECS;9990;6
934300;;;ASH_COATED_OSMIUM;XIRECS;9990;6
940300;;;ASH_COATED_OSMIUM;XIRECS;9990;6
203200;;;ASH_COATED_OSMIUM;XIRECS;9991;6
219900;;;ASH_COATED_OSMIUM;XIRECS;9991;6
545000;;;ASH_COATED_OSMIUM;XIRECS;9991;6
729500;;;ASH_COATED_OSMIUM;XIRECS;9991;6
888100;;;ASH_COATED_OSMIUM;XIRECS;9991;6
46700;;;ASH_COATED_OSMIUM;XIRECS;9992;6
104800;;;ASH_COATED_OSMIUM;XIRECS;9992;6
349700;;;ASH_COATED_OSMIUM;XIRECS;9992;6
875800;;;ASH_COATED_OSMIUM;XIRECS;9992;6
875900;;;ASH_COATED_OSMIUM;XIRECS;9992;6
147300;;;ASH_COATED_OSMIUM;XIRECS;9993;6
161900;;;ASH_COATED_OSMIUM;XIRECS;9993;6
175500;;;ASH_COATED_OSMIUM;XIRECS;9993;6
995800;;;ASH_COATED_OSMIUM;XIRECS;9993;6
148400;;;ASH_COATED_OSMIUM;XIRECS;9994;6
423400;;;ASH_COATED_OSMIUM;XIRECS;9994;6
424300;;;ASH_COATED_OSMIUM;XIRECS;9994;6
424400;;;ASH_COATED_OSMIUM;XIRECS;9994;6
620400;;;ASH_COATED_OSMIUM;XIRECS;9994;6
968700;;;ASH_COATED_OSMIUM;XIRECS;9994;6
510400;;;ASH_COATED_OSMIUM;XIRECS;9995;6
952000;;;ASH_COATED_OSMIUM;XIRECS;9995;6
955300;;;ASH_COATED_OSMIUM;XIRECS;9995;6
191400;;;ASH_COATED_OSMIUM;XIRECS;9996;6
191600;;;ASH_COATED_OSMIUM;XIRECS;9996;6
699500;;;ASH_COATED_OSMIUM;XIRECS;9996;6
951500;;;ASH_COATED_OSMIUM;XIRECS;9996;6
987100;;;ASH_COATED_OSMIUM;XIRECS;9996;6
689700;;;ASH_COATED_OSMIUM;XIRECS;9998;6
759900;;;ASH_COATED_OSMIUM;XIRECS;10001;6
130400;;;ASH_COATED_OSMIUM;XIRECS;10002;6
7500;;;ASH_COATED_OSMIUM;XIRECS;10003;6
5200;;;ASH_COATED_OSMIUM;XIRECS;10004;6
54200;;;ASH_COATED_OSMIUM;XIRECS;10004;6
821700;;;ASH_COATED_OSMIUM;XIRECS;10004;6
56500;;;ASH_COATED_OSMIUM;XIRECS;10005;6
904700;;;ASH_COATED_OSMIUM;XIRECS;10005;6
101900;;;ASH_COATED_OSMIUM;XIRECS;10006;6
936400;;;ASH_COATED_OSMIUM;XIRECS;10006;6
71300;;;ASH_COATED_OSMIUM;XIRECS;10007;6
285200;;;ASH_COATED_OSMIUM;XIRECS;10007;6
21500;;;ASH_COATED_OSMIUM;XIRECS;10008;6
25300;;;ASH_COATED_OSMIUM;XIRECS;10008;6
123500;;;ASH_COATED_OSMIUM;XIRECS;10008;6
377100;;;ASH_COATED_OSMIUM;XIRECS;10008;6
587000;;;ASH_COATED_OSMIUM;XIRECS;10008;6
864700;;;ASH_COATED_OSMIUM;XIRECS;10008;6
25900;;;ASH_COATED_OSMIUM;XIRECS;10009;6
245800;;;ASH_COATED_OSMIUM;XIRECS;10009;6
506600;;;ASH_COATED_OSMIUM;XIRECS;10009;6
714600;;;ASH_COATED_OSMIUM;XIRECS;10009;6
997100;;;ASH_COATED_OSMIUM;XIRECS;10009;6
262400;;;ASH_COATED_OSMIUM;XIRECS;10010;6
264100;;;ASH_COATED_OSMIUM;XIRECS;10010;6
618000;;;ASH_COATED_OSMIUM;XIRECS;10010;6
955200;;;ASH_COATED_OSMIUM;XIRECS;10010;6
184500;;;ASH_COATED_OSMIUM;XIRECS;10011;6
307800;;;ASH_COATED_OSMIUM;XIRECS;10011;6
706200;;;ASH_COATED_OSMIUM;XIRECS;10011;6
988000;;;ASH_COATED_OSMIUM;XIRECS;10011;6
240800;;;ASH_COATED_OSMIUM;XIRECS;10012;6
435200;;;ASH_COATED_OSMIUM;XIRECS;10013;6
495600;;;ASH_COATED_OSMIUM;XIRECS;10013;6
636500;;;ASH_COATED_OSMIUM;XIRECS;10013;6
454100;;;ASH_COATED_OSMIUM;XIRECS;10014;6
649900;;;ASH_COATED_OSMIUM;XIRECS;10015;6
651300;;;ASH_COATED_OSMIUM;XIRECS;10015;6
693900;;;ASH_COATED_OSMIUM;XIRECS;10015;6
685300;;;ASH_COATED_OSMIUM;XIRECS;10016;6
663100;;;ASH_COATED_OSMIUM;XIRECS;10017;6
680400;;;ASH_COATED_OSMIUM;XIRECS;10017;6
17900;;;INTARIAN_PEPPER_ROOT;XIRECS;11012;6
28200;;;INTARIAN_PEPPER_ROOT;XIRECS;11034;6
29100;;;INTARIAN_PEPPER_ROOT;XIRECS;11035;6
34900;;;INTARIAN_PEPPER_ROOT;XIRECS;11044;6
42700;;;INTARIAN_PEPPER_ROOT;XIRECS;11049;6
76800;;;INTARIAN_PEPPER_ROOT;XIRECS;11083;6
81700;;;INTARIAN_PEPPER_ROOT;XIRECS;11088;6
120600;;;INTARIAN_PEPPER_ROOT;XIRECS;11115;6
124900;;;INTARIAN_PEPPER_ROOT;XIRECS;11119;6
136100;;;INTARIAN_PEPPER_ROOT;XIRECS;11132;6
133100;;;INTARIAN_PEPPER_ROOT;XIRECS;11139;6
148700;;;INTARIAN_PEPPER_ROOT;XIRECS;11145;6
139600;;;INTARIAN_PEPPER_ROOT;XIRECS;11146;6
141200;;;INTARIAN_PEPPER_ROOT;XIRECS;11147;6
161800;;;INTARIAN_PEPPER_ROOT;XIRECS;11165;6
235100;;;INTARIAN_PEPPER_ROOT;XIRECS;11238;6
245300;;;INTARIAN_PEPPER_ROOT;XIRECS;11239;6
241200;;;INTARIAN_PEPPER_ROOT;XIRECS;11244;6
245500;;;INTARIAN_PEPPER_ROOT;XIRECS;11252;6
263800;;;INTARIAN_PEPPER_ROOT;XIRECS;11258;6
263900;;;INTARIAN_PEPPER_ROOT;XIRECS;11258;6
272700;;;INTARIAN_PEPPER_ROOT;XIRECS;11269;6
276000;;;INTARIAN_PEPPER_ROOT;XIRECS;11272;6
283800;;;INTARIAN_PEPPER_ROOT;XIRECS;11287;6
309700;;;INTARIAN_PEPPER_ROOT;XIRECS;11316;6
393200;;;INTARIAN_PEPPER_ROOT;XIRECS;11389;6
384200;;;INTARIAN_PEPPER_ROOT;XIRECS;11390;6
407300;;;INTARIAN_PEPPER_ROOT;XIRECS;11410;6
417900;;;INTARIAN_PEPPER_ROOT;XIRECS;11412;6
423200;;;INTARIAN_PEPPER_ROOT;XIRECS;11417;6
424800;;;INTARIAN_PEPPER_ROOT;XIRECS;11421;6
432100;;;INTARIAN_PEPPER_ROOT;XIRECS;11435;6
460000;;;INTARIAN_PEPPER_ROOT;XIRECS;11454;6
464100;;;INTARIAN_PEPPER_ROOT;XIRECS;11458;6
484200;;;INTARIAN_PEPPER_ROOT;XIRECS;11478;6
487200;;;INTARIAN_PEPPER_ROOT;XIRECS;11493;6
507700;;;INTARIAN_PEPPER_ROOT;XIRECS;11501;6
500300;;;INTARIAN_PEPPER_ROOT;XIRECS;11507;6
519200;;;INTARIAN_PEPPER_ROOT;XIRECS;11513;6
512100;;;INTARIAN_PEPPER_ROOT;XIRECS;11515;6
525500;;;INTARIAN_PEPPER_ROOT;XIRECS;11516;6
514300;;;INTARIAN_PEPPER_ROOT;XIRECS;11517;6
523400;;;INTARIAN_PEPPER_ROOT;XIRECS;11517;6
516700;;;INTARIAN_PEPPER_ROOT;XIRECS;11523;6
547500;;;INTARIAN_PEPPER_ROOT;XIRECS;11541;6
574700;;;INTARIAN_PEPPER_ROOT;XIRECS;11581;6
597100;;;INTARIAN_PEPPER_ROOT;XIRECS;11603;6
617800;;;INTARIAN_PEPPER_ROOT;XIRECS;11611;6
620100;;;INTARIAN_PEPPER_ROOT;XIRECS;11614;6
639300;;;INTARIAN_PEPPER_ROOT;XIRECS;11642;6
668200;;;INTARIAN_PEPPER_ROOT;XIRECS;11662;6
671000;;;INTARIAN_PEPPER_ROOT;XIRECS;11674;6
689500;;;INTARIAN_PEPPER_ROOT;XIRECS;11683;6
707200;;;INTARIAN_PEPPER_ROOT;XIRECS;11701;6
709800;;;INTARIAN_PEPPER_ROOT;XIRECS;11706;6
706500;;;INTARIAN_PEPPER_ROOT;XIRECS;11710;6
732700;;;INTARIAN_PEPPER_ROOT;XIRECS;11726;6
728300;;;INTARIAN_PEPPER_ROOT;XIRECS;11731;6
750300;;;INTARIAN_PEPPER_ROOT;XIRECS;11757;6
770100;;;INTARIAN_PEPPER_ROOT;XIRECS;11764;6
778200;;;INTARIAN_PEPPER_ROOT;XIRECS;11772;6
778000;;;INTARIAN_PEPPER_ROOT;XIRECS;11780;6
785700;;;INTARIAN_PEPPER_ROOT;XIRECS;11782;6
783500;;;INTARIAN_PEPPER_ROOT;XIRECS;11790;6
818000;;;INTARIAN_PEPPER_ROOT;XIRECS;11812;6
823900;;;INTARIAN_PEPPER_ROOT;XIRECS;11817;6
829300;;;INTARIAN_PEPPER_ROOT;XIRECS;11832;6
866000;;;INTARIAN_PEPPER_ROOT;XIRECS;11860;6
870300;;;INTARIAN_PEPPER_ROOT;XIRECS;11864;6
881400;;;INTARIAN_PEPPER_ROOT;XIRECS;11875;6
870000;;;INTARIAN_PEPPER_ROOT;XIRECS;11876;6
870700;;;INTARIAN_PEPPER_ROOT;XIRECS;11877;6
913600;;;INTARIAN_PEPPER_ROOT;XIRECS;11910;6
905100;;;INTARIAN_PEPPER_ROOT;XIRECS;11912;6
949400;;;INTARIAN_PEPPER_ROOT;XIRECS;11945;6
951800;;;INTARIAN_PEPPER_ROOT;XIRECS;11961;6
976700;;;INTARIAN_PEPPER_ROOT;XIRECS;11970;6
991500;;;INTARIAN_PEPPER_ROOT;XIRECS;12001;6
998300;;;INTARIAN_PEPPER_ROOT;XIRECS;12005;6
253300;;;ASH_COATED_OSMIUM;XIRECS;9992;7
406300;;;ASH_COATED_OSMIUM;XIRECS;9992;7
874900;;;ASH_COATED_OSMIUM;XIRECS;9992;7
302900;;;ASH_COATED_OSMIUM;XIRECS;9993;7
718200;;;ASH_COATED_OSMIUM;XIRECS;9994;7
954800;;;ASH_COATED_OSMIUM;XIRECS;9994;7
310200;;;ASH_COATED_OSMIUM;XIRECS;9996;7
311400;;;ASH_COATED_OSMIUM;XIRECS;9996;7
830600;;;ASH_COATED_OSMIUM;XIRECS;9998;7
660400;;;ASH_COATED_OSMIUM;XIRECS;10001;7
656300;;;ASH_COATED_OSMIUM;XIRECS;10004;7
51200;;;ASH_COATED_OSMIUM;XIRECS;10006;7
711900;;;ASH_COATED_OSMIUM;XIRECS;10006;7
355200;;;ASH_COATED_OSMIUM;XIRECS;10007;7
160700;;;ASH_COATED_OSMIUM;XIRECS;10008;7
146700;;;ASH_COATED_OSMIUM;XIRECS;10009;7
778600;;;ASH_COATED_OSMIUM;XIRECS;10009;7
413100;;;ASH_COATED_OSMIUM;XIRECS;10010;7
628500;;;ASH_COATED_OSMIUM;XIRECS;10010;7
239500;;;ASH_COATED_OSMIUM;XIRECS;10011;7
245100;;;ASH_COATED_OSMIUM;XIRECS;10012;7
983900;;;ASH_COATED_OSMIUM;XIRECS;10012;7
335700;;;ASH_COATED_OSMIUM;XIRECS;10016;7
19700;;;INTARIAN_PEPPER_ROOT;XIRECS;11011;7
63900;;;INTARIAN_PEPPER_ROOT;XIRECS;11067;7
73900;;;INTARIAN_PEPPER_ROOT;XIRECS;11068;7
83100;;;INTARIAN_PEPPER_ROOT;XIRECS;11089;7
94600;;;INTARIAN_PEPPER_ROOT;XIRECS;11091;7
122600;;;INTARIAN_PEPPER_ROOT;XIRECS;11117;7
128000;;;INTARIAN_PEPPER_ROOT;XIRECS;11122;7
132200;;;INTARIAN_PEPPER_ROOT;XIRECS;11126;7
125400;;;INTARIAN_PEPPER_ROOT;XIRECS;11131;7
139400;;;INTARIAN_PEPPER_ROOT;XIRECS;11133;7
139800;;;INTARIAN_PEPPER_ROOT;XIRECS;11134;7
147000;;;INTARIAN_PEPPER_ROOT;XIRECS;11153;7
174000;;;INTARIAN_PEPPER_ROOT;XIRECS;11165;7
170300;;;INTARIAN_PEPPER_ROOT;XIRECS;11176;7
191300;;;INTARIAN_PEPPER_ROOT;XIRECS;11185;7
184800;;;INTARIAN_PEPPER_ROOT;XIRECS;11188;7
186800;;;INTARIAN_PEPPER_ROOT;XIRECS;11196;7
208300;;;INTARIAN_PEPPER_ROOT;XIRECS;11214;7
269600;;;INTARIAN_PEPPER_ROOT;XIRECS;11263;7
259200;;;INTARIAN_PEPPER_ROOT;XIRECS;11265;7
275900;;;INTARIAN_PEPPER_ROOT;XIRECS;11270;7
289600;;;INTARIAN_PEPPER_ROOT;XIRECS;11296;7
303200;;;INTARIAN_PEPPER_ROOT;XIRECS;11297;7
298800;;;INTARIAN_PEPPER_ROOT;XIRECS;11302;7
363600;;;INTARIAN_PEPPER_ROOT;XIRECS;11357;7
363800;;;INTARIAN_PEPPER_ROOT;XIRECS;11358;7
371200;;;INTARIAN_PEPPER_ROOT;XIRECS;11365;7
371400;;;INTARIAN_PEPPER_ROOT;XIRECS;11365;7
400000;;;INTARIAN_PEPPER_ROOT;XIRECS;11394;7
399000;;;INTARIAN_PEPPER_ROOT;XIRECS;11395;7
412600;;;INTARIAN_PEPPER_ROOT;XIRECS;11406;7
415700;;;INTARIAN_PEPPER_ROOT;XIRECS;11409;7
406700;;;INTARIAN_PEPPER_ROOT;XIRECS;11413;7
420600;;;INTARIAN_PEPPER_ROOT;XIRECS;11414;7
431600;;;INTARIAN_PEPPER_ROOT;XIRECS;11425;7
432300;;;INTARIAN_PEPPER_ROOT;XIRECS;11426;7
453500;;;INTARIAN_PEPPER_ROOT;XIRECS;11450;7
460700;;;INTARIAN_PEPPER_ROOT;XIRECS;11464;7
470900;;;INTARIAN_PEPPER_ROOT;XIRECS;11465;7
469000;;;INTARIAN_PEPPER_ROOT;XIRECS;11475;7
513000;;;INTARIAN_PEPPER_ROOT;XIRECS;11509;7
517700;;;INTARIAN_PEPPER_ROOT;XIRECS;11511;7
524700;;;INTARIAN_PEPPER_ROOT;XIRECS;11528;7
537800;;;INTARIAN_PEPPER_ROOT;XIRECS;11541;7
564100;;;INTARIAN_PEPPER_ROOT;XIRECS;11558;7
591600;;;INTARIAN_PEPPER_ROOT;XIRECS;11588;7
586900;;;INTARIAN_PEPPER_ROOT;XIRECS;11590;7
622100;;;INTARIAN_PEPPER_ROOT;XIRECS;11616;7
631800;;;INTARIAN_PEPPER_ROOT;XIRECS;11625;7
651200;;;INTARIAN_PEPPER_ROOT;XIRECS;11645;7
665000;;;INTARIAN_PEPPER_ROOT;XIRECS;11671;7
690800;;;INTARIAN_PEPPER_ROOT;XIRECS;11697;7
730200;;;INTARIAN_PEPPER_ROOT;XIRECS;11721;7
775200;;;INTARIAN_PEPPER_ROOT;XIRECS;11769;7
780700;;;INTARIAN_PEPPER_ROOT;XIRECS;11777;7
795700;;;INTARIAN_PEPPER_ROOT;XIRECS;11799;7
807700;;;INTARIAN_PEPPER_ROOT;XIRECS;11801;7
820500;;;INTARIAN_PEPPER_ROOT;XIRECS;11811;7
816800;;;INTARIAN_PEPPER_ROOT;XIRECS;11823;7
832800;;;INTARIAN_PEPPER_ROOT;XIRECS;11826;7
830900;;;INTARIAN_PEPPER_ROOT;XIRECS;11827;7
847400;;;INTARIAN_PEPPER_ROOT;XIRECS;11843;7
869500;;;INTARIAN_PEPPER_ROOT;XIRECS;11876;7
886200;;;INTARIAN_PEPPER_ROOT;XIRECS;11893;7
912400;;;INTARIAN_PEPPER_ROOT;XIRECS;11906;7
947600;;;INTARIAN_PEPPER_ROOT;XIRECS;11941;7
944400;;;INTARIAN_PEPPER_ROOT;XIRECS;11954;7
968200;;;INTARIAN_PEPPER_ROOT;XIRECS;11962;7
991300;;;INTARIAN_PEPPER_ROOT;XIRECS;11985;7
805500;;;ASH_COATED_OSMIUM;XIRECS;9986;8
69900;;;ASH_COATED_OSMIUM;XIRECS;9991;8
388100;;;ASH_COATED_OSMIUM;XIRECS;9994;8
610200;;;ASH_COATED_OSMIUM;XIRECS;9994;8
221000;;;ASH_COATED_OSMIUM;XIRECS;9995;8
57700;;;ASH_COATED_OSMIUM;XIRECS;9996;8
762800;;;ASH_COATED_OSMIUM;XIRECS;9997;8
438600;;;ASH_COATED_OSMIUM;XIRECS;9998;8
677400;;;ASH_COATED_OSMIUM;XIRECS;9999;8
329900;;;ASH_COATED_OSMIUM;XIRECS;10000;8
665400;;;ASH_COATED_OSMIUM;XIRECS;10001;8
374400;;;ASH_COATED_OSMIUM;XIRECS;10009;8
377300;;;ASH_COATED_OSMIUM;XIRECS;10009;8
407600;;;ASH_COATED_OSMIUM;XIRECS;10009;8
884800;;;ASH_COATED_OSMIUM;XIRECS;10010;8
988100;;;ASH_COATED_OSMIUM;XIRECS;10011;8
89700;;;ASH_COATED_OSMIUM;XIRECS;10013;8
348700;;;ASH_COATED_OSMIUM;XIRECS;10013;8
644600;;;ASH_COATED_OSMIUM;XIRECS;10013;8
693400;;;ASH_COATED_OSMIUM;XIRECS;10014;8
694100;;;ASH_COATED_OSMIUM;XIRECS;10016;8
3000;;;INTARIAN_PEPPER_ROOT;XIRECS;10999;8
35000;;;INTARIAN_PEPPER_ROOT;XIRECS;11038;8
99400;;;INTARIAN_PEPPER_ROOT;XIRECS;11096;8
251900;;;INTARIAN_PEPPER_ROOT;XIRECS;11255;8
301200;;;INTARIAN_PEPPER_ROOT;XIRECS;11297;8
302500;;;INTARIAN_PEPPER_ROOT;XIRECS;11299;8
574600;;;INTARIAN_PEPPER_ROOT;XIRECS;11578;8
590700;;;INTARIAN_PEPPER_ROOT;XIRECS;11594;8
704100;;;INTARIAN_PEPPER_ROOT;XIRECS;11700;8
791000;;;INTARIAN_PEPPER_ROOT;XIRECS;11787;8
856800;;;INTARIAN_PEPPER_ROOT;XIRECS;11853;8
865600;;;INTARIAN_PEPPER_ROOT;XIRECS;11869;8
5200;;;ASH_COATED_OSMIUM;XIRECS;9986;9
792100;;;ASH_COATED_OSMIUM;XIRECS;9987;9
845900;;;ASH_COATED_OSMIUM;XIRECS;9989;9
596100;;;ASH_COATED_OSMIUM;XIRECS;9990;9
727200;;;ASH_COATED_OSMIUM;XIRECS;9991;9
940900;;;ASH_COATED_OSMIUM;XIRECS;9991;9
306200;;;ASH_COATED_OSMIUM;XIRECS;9992;9
359900;;;ASH_COATED_OSMIUM;XIRECS;9992;9
488600;;;ASH_COATED_OSMIUM;XIRECS;9992;9
899100;;;ASH_COATED_OSMIUM;XIRECS;9992;9
952900;;;ASH_COATED_OSMIUM;XIRECS;9992;9
774300;;;ASH_COATED_OSMIUM;XIRECS;9995;9
871400;;;ASH_COATED_OSMIUM;XIRECS;9995;9
650300;;;ASH_COATED_OSMIUM;XIRECS;9996;9
315300;;;ASH_COATED_OSMIUM;XIRECS;9997;9
495800;;;ASH_COATED_OSMIUM;XIRECS;9997;9
761900;;;ASH_COATED_OSMIUM;XIRECS;10002;9
740200;;;ASH_COATED_OSMIUM;XIRECS;10005;9
98200;;;ASH_COATED_OSMIUM;XIRECS;10007;9
117400;;;ASH_COATED_OSMIUM;XIRECS;10007;9
26300;;;ASH_COATED_OSMIUM;XIRECS;10008;9
161400;;;ASH_COATED_OSMIUM;XIRECS;10009;9
476700;;;ASH_COATED_OSMIUM;XIRECS;10010;9
145900;;;ASH_COATED_OSMIUM;XIRECS;10012;9
2800;;;ASH_COATED_OSMIUM;XIRECS;9985;10
736300;;;ASH_COATED_OSMIUM;XIRECS;9986;10
914500;;;ASH_COATED_OSMIUM;XIRECS;9986;10
125500;;;ASH_COATED_OSMIUM;XIRECS;9988;10
288700;;;ASH_COATED_OSMIUM;XIRECS;9989;10
251700;;;ASH_COATED_OSMIUM;XIRECS;9992;10
374200;;;ASH_COATED_OSMIUM;XIRECS;9993;10
411700;;;ASH_COATED_OSMIUM;XIRECS;9993;10
477600;;;ASH_COATED_OSMIUM;XIRECS;9993;10
994100;;;ASH_COATED_OSMIUM;XIRECS;9993;10
182500;;;ASH_COATED_OSMIUM;XIRECS;9994;10
708200;;;ASH_COATED_OSMIUM;XIRECS;9995;10
393600;;;ASH_COATED_OSMIUM;XIRECS;9997;10
745200;;;ASH_COATED_OSMIUM;XIRECS;10000;10
131300;;;ASH_COATED_OSMIUM;XIRECS;10003;10
9000;;;ASH_COATED_OSMIUM;XIRECS;10004;10
549600;;;ASH_COATED_OSMIUM;XIRECS;10005;10
358400;;;ASH_COATED_OSMIUM;XIRECS;10007;10
729400;;;ASH_COATED_OSMIUM;XIRECS;10007;10
145800;;;ASH_COATED_OSMIUM;XIRECS;10009;10
898000;;;ASH_COATED_OSMIUM;XIRECS;10009;10
221700;;;ASH_COATED_OSMIUM;XIRECS;10011;10
896900;;;ASH_COATED_OSMIUM;XIRECS;10011;10
524200;;;ASH_COATED_OSMIUM;XIRECS;10012;10
881900;;;ASH_COATED_OSMIUM;XIRECS;10012;10
320700;;;ASH_COATED_OSMIUM;XIRECS;10013;10
379500;;;ASH_COATED_OSMIUM;XIRECS;10013;10
337000;;;ASH_COATED_OSMIUM;XIRECS;10019;10
